"";"Acanthonchus_1";"Actinonema_1";"Aegialoalaimus_1";"Anoplostoma_1";"Aponema_1";"Araeolaimus_1";"Ascolaimus_1";"Atrochromadora_1";"Axonolaimus_1";"Bathylaimus_1";"Bolbolaimus_1";"Calyptronema_1";"Campylaimus_1";"Catanema_1";"Cephalanticoma_1";"Cervonema_1";"Cheironchus_1";"Choanolaimus_1";"Chromadora_1";"Chromadorella_1";"Chromadoridae_1";"Chromadorina_1";"Cienfuegia_1";"Cobbia_1";"Comesa_4";"Comesoma_1";"Comesoma_2";"Comesomatidae_1";"Cyartonema_1";"Daptonema_5";"Daptonema_6";"Daptonema_7";"Dasynemella_2";"Dasynemoides_1";"Deontolaimus_1";"Desmodora_2";"Desmolaimus_1";"Desmoscolex_1";"Dichromadora_1";"Diplolaimella_1";"Diplolaimelloides_1";"Diplopeltula_1";"Dolichosomatum_1";"Doliolaimus_1";"Dorylaimidae_1";"Dorylaimopsis_1";"Eleutherolaimus_1";"Elzalia_1";"Elzalia_2";"Epacanthion_1";"Eubostrichus_1";"Eurystomina_3";"Gomphionema_1";"Graphonema_1";"Halalaimus_1";"Halichoanolaimus_1";"Hypodontolaimus_1";"Kraspedonema_1";"Laimella_1";"Leptogastrella_1";"Leptolaimoides_1";"Leptolaimus_1";"Linhomoeus_1";"Linhystera_1";"Linhystera_2";"Longicyatholaimus_1";"Marisalbinema_1";"Marylynnia_1";"Metachromadora_1";"Metachromadora_4";"Metacyatholaimus_1";"Metadasynemoides_1";"Metalinhomoeus_1";"Metalinhomoeus_2";"Metalinhomoeus_8";"Metaparoncholaimus_1";"Metoncholaimus_1";"Microlaimidae_1";"Microlaimus_1";"Microlaimus_4";"Microlaimus_6";"Microlaimus_8";"Molgolaimus_1";"Monhystrella_1";"Morfotipo_1";"Morfotipo_2";"Morfotipo_3";"Morfotipo_4";"Morfotipo_5";"Nannolaimus_1";"Nudora_1";"Odontanticoma_1";"Odontophora_1";"Omicronema_1";"Oncholaimellus_1";"Oncholaimellus_2";"Oncholaimus_1";"Oxystomina_1";"Paracanthonchus_1";"Paracanthonchus_2";"Parachromadorita_1";"Paracyatholaimoides_1";"Paralinhomoeus_1";"Paralongicyatholaimus_1";"Paramesonchium_1";"Parametoncholaimus_1";"Paramicrolaimus_1";"Paramonhystera_1";"Paramonhystera_2";"Paramonhystera_3";"Parasphaerolaimus_1";"Parasphaerolaimus_2";"Parodontophora_1";"Phanoderma_2";"Polygastrophora_1";"Polygastrophora_2";"Polysigma_1";"Pomponema_1";"Pomponema_2";"Prochromadora_1";"Prochromadorella_1";"Promonhystera_1";"Pseudochromadora_1";"Pseudosteineria_1";"Ptycholaimellus_1";"Ptycholaimellus_2";"Rhabditidae_2";"Rhabditidae_3";"Rhabditidae_4";"Rhabditidae_5";"Rhabditidae_6";"Rhabditidae_7";"Rhabditidae_8";"Rhabditidae_9";"Rhabdocoma_1";"Sabatieria_1";"Sabatieria_1a";"Sabatieria_2";"Sabatieria_2c";"Sabatieria_4";"Sabatieria_5";"Sabatieria_6";"Sabatieria_7";"Sabatieria_8";"Scaptrella_1";"Setosabatieria_1";"Siphonolaimus_1";"Southerniella_1";"Sphaerolaimus_1";"Sphaerolaimus_2";"Sphaerolaimus_3";"Sphaerolaimus_4";"Sphaerotheristus_1";"Spilophorella_1";"Squanema_1";"Steineria_1";"Steineria_2";"Stygodesmodora_1";"Stylotheristus_1";"Stylotheristus_3";"Stylotheristus_4";"Subsphaerolaimus_1";"Synonchiella_1";"Synonchium_1";"Syringolaimus_2";"Terschellingia_1";"Terschellingia_2";"Terschellingia_3";"Terschellingia_5";"Terschellingia_6";"Thalassoalaimus_1";"Thalassomonhystera_1";"Theristus_10";"Theristus_10C";"Theristus_8";"Theristus_acribus";"Theristus_F2";"Theristus_Flevensis";"Theristus_Longissimecaudatus";"Trefusia_1";"Trefusia_2";"Tricoma_1";"Tricotheristus_1";"Trileptium_1";"Tripyloides_1";"Trissonchulus_1";"Trochamus_1";"Valvaelaimus_1";"Vasostoma_1";"Viscosia_1";"Wieseria_1";"Xyalidae_1";"Xyalidae_2";"Xyalidae_3"
"1";0;0;0;0;0;0;0;0;0;0;0;3.91666666666667;0;0;0;0;0;0;0;0;0;7.83333333333333;0;0;0;0;0;0;0;3.91666666666667;0;0;0;0;0;0;0;0;0;0;0;0;0;0;0;0;0;0;0;0;0;0;0;0;0;0;0;0;0;0;0;0;0;0;0;0;0;0;0;0;0;0;0;0;0;0;0;0;0;0;0;0;0;0;0;0;0;0;0;0;0;0;0;0;7.83333333333333;0;137.083333333333;7.83333333333333;0;0;0;0;0;0;0;0;0;0;0;0;0;0;0;0;0;0;0;0;0;0;0;0;0;0;0;0;0;0;0;0;0;0;0;0;0;0;0;0;0;0;0;0;0;0;0;0;0;0;0;0;0;0;0;0;0;0;0;0;0;0;0;0;0;0;0;0;0;0;0;0;0;0;0;0;0;9.79166666666667;0;1.95833333333333;1.95833333333333;0;0;0;0;0;0;0;0;0;0;5.875;0;0;0;0
"2";3.42857142857143;0;0;0;0;0;0;0;0;3.42857142857143;3.42857142857143;0;0;0;0;0;0;3.42857142857143;3.42857142857143;0;0;0;0;0;0;58.2857142857143;3.42857142857143;0;0;10.2857142857143;0;0;0;0;0;0;0;0;0;0;0;0;0;0;0;3.42857142857143;0;0;0;0;0;0;0;0;0;0;0;0;0;0;0;0;0;0;0;0;0;0;0;0;0;0;10.2857142857143;0;0;0;0;0;0;0;0;0;0;0;0;0;0;0;0;0;0;0;0;0;6.85714285714286;0;0;6.85714285714286;17.1428571428571;0;0;0;0;0;0;0;0;0;0;0;0;0;0;0;0;0;0;0;0;0;0;0;0;6.85714285714286;48;0;0;0;0;0;0;0;0;0;0;0;6.85714285714286;0;0;0;0;0;0;0;0;0;0;0;0;0;0;0;0;0;0;0;10.2857142857143;0;0;3.42857142857143;0;30.8571428571429;0;0;0;34.2857142857143;0;0;0;0;0;0;0;0;0;0;0;0;24;0;0;0;27.4285714285714;0;0;24;0;0;0;34.2857142857143;0;0;0;0
"4";0;0;0;6.232;0;0;0;0;0;0;0;0;0;0;0;0;0;0;0;0;0;0;0;0;0;18.696;0;0;0;193.192;0;0;0;0;0;0;0;0;0;0;0;0;0;0;0;62.32;0;0;0;0;0;0;0;0;0;0;0;0;0;0;0;0;0;0;0;0;0;0;0;0;0;0;18.696;0;0;0;0;0;0;0;0;0;0;0;0;0;0;0;0;0;0;0;0;0;0;0;0;0;0;0;0;0;0;0;0;0;0;0;0;0;0;0;0;0;0;0;0;0;0;0;0;0;0;0;0;0;0;0;0;0;0;0;0;0;0;6.232;31.16;280.44;0;0;0;0;0;0;0;0;0;0;0;0;0;0;0;0;0;0;0;0;0;0;0;12.464;0;0;0;0;0;0;0;0;0;0;0;0;0;0;0;0;62.32;0;0;0;0;0;0;68.552;0;0;0;18.696;0;0;0;0
"5";0;0;0;0;0;0;0;0;0;0;0;0;0;0;0;0;0;0;0;0;0;2.3;0;23;0;36.8;0;0;0;158.7;0;0;0;0;0;0;0;0;0;0;0;0;0;0;0;0;0;0;0;0;0;0;0;0;0;0;0;0;0;0;0;0;0;0;0;0;0;0;0;0;0;0;0;0;0;0;0;0;0;0;0;0;0;0;0;0;0;0;0;0;0;0;4.6;0;9.2;0;0;0;0;0;0;0;0;0;0;0;0;0;0;0;0;0;0;0;0;0;0;0;0;0;0;0;0;0;0;0;0;0;0;0;0;0;0;0;0;0;0;2.3;0;0;0;0;0;0;0;0;0;0;0;0;0;0;0;0;0;0;0;0;0;0;2.3;0;0;0;0;0;0;6.9;0;0;0;0;0;0;0;6.9;0;0;0;0;0;0;0;0;0;0;0;0;0;0;0;0;0;0
"6";12.5948275862069;0;0;0;0;0;0;0;0;0;0;0;0;0;0;0;0;4.19827586206897;0;0;0;54.5775862068966;0;0;0;20.9913793103448;0;0;0;41.9827586206897;0;0;0;0;0;0;0;0;0;0;0;0;0;0;0;0;0;0;0;0;0;0;0;0;0;0;0;0;0;0;0;0;0;0;0;0;0;0;0;0;0;0;0;0;0;0;58.7758620689655;0;0;0;0;0;0;0;0;0;0;0;0;0;0;0;0;0;0;0;209.913793103448;46.1810344827586;0;0;0;0;0;0;0;0;0;0;0;0;0;0;0;0;0;4.19827586206897;0;0;0;0;4.19827586206897;0;0;0;0;0;0;0;0;0;0;0;0;0;0;0;0;4.19827586206897;0;0;0;0;0;0;0;0;0;0;0;0;0;0;0;0;0;0;0;0;0;0;0;0;0;0;0;0;0;0;0;0;0;0;0;0;4.19827586206897;0;0;0;0;0;0;0;0;0;0;12.5948275862069;0;0;0;8.39655172413793;0;0;0;0
"7";0;0;0;26.7586206896552;0;0;0;0;0;0;0;3.3448275862069;0;0;0;0;0;0;0;0;0;0;3.3448275862069;0;0;6.68965517241379;0;0;0;80.2758620689655;0;0;0;0;0;0;0;0;0;0;0;0;0;0;0;0;0;0;0;0;0;0;0;0;0;0;0;0;0;0;0;0;0;0;0;0;0;0;0;0;0;0;13.3793103448276;0;0;0;0;0;0;0;0;0;0;0;0;0;0;0;0;0;0;0;0;0;0;0;56.8620689655172;30.1034482758621;0;0;0;0;0;0;0;0;0;0;0;0;0;0;0;0;0;0;0;0;0;0;0;0;0;0;0;0;0;0;0;0;0;0;0;0;0;0;0;16.7241379310345;0;0;0;0;0;0;0;0;0;0;0;0;0;0;0;0;0;0;0;0;0;0;0;0;0;0;0;56.8620689655172;0;10.0344827586207;0;0;0;0;0;0;16.7241379310345;6.68965517241379;13.3793103448276;0;16.7241379310345;0;0;0;0;0;0;16.7241379310345;0;0;0;13.3793103448276;0;0;0;0
"8";7.425;0;0;37.125;0;0;0;0;0;0;0;7.425;0;0;7.425;0;0;7.425;0;0;0;44.55;0;0;0;0;0;0;0;81.675;0;0;0;0;0;0;0;0;0;0;0;0;0;0;0;59.4;0;0;0;0;0;0;0;0;0;0;0;0;0;0;0;0;0;0;0;0;0;0;0;0;0;0;14.85;0;0;0;0;0;0;0;0;0;0;0;0;0;0;0;0;0;0;0;0;0;0;0;0;0;0;0;0;0;0;0;0;0;0;0;0;0;0;0;0;0;29.7;0;0;0;0;0;0;0;0;0;14.85;0;0;0;0;0;0;0;0;0;0;0;0;222.75;0;0;0;0;0;0;0;0;0;0;0;0;0;0;0;0;0;0;0;0;0;0;0;96.525;0;0;0;0;0;0;0;0;0;0;0;0;0;0;0;0;51.975;0;0;0;37.125;0;0;89.1;0;0;0;81.675;0;0;0;0
"9";0;0;0;14.8925619834711;0;0;0;0;0;0;0;0;0;0;0;0;0;7.44628099173554;0;0;0;0;0;0;0;0;0;0;0;0;0;0;0;0;0;0;0;0;0;0;0;0;0;0;0;215.942148760331;0;0;0;0;0;0;0;0;14.8925619834711;7.44628099173554;0;0;7.44628099173554;0;0;0;0;0;0;0;0;0;0;0;0;0;0;0;0;0;0;0;0;0;0;0;0;0;0;0;0;0;0;0;0;0;0;0;0;0;0;0;0;0;0;0;0;0;0;0;0;0;0;0;0;0;0;0;7.44628099173554;0;0;0;0;0;0;0;0;0;59.5702479338843;0;0;0;0;0;0;0;0;0;0;0;0;342.528925619835;0;0;0;0;0;0;0;0;0;0;0;0;0;0;0;0;0;0;0;0;0;0;0;67.0165289256198;0;0;0;44.6776859504132;0;0;0;0;0;0;0;0;0;0;0;0;14.8925619834711;0;0;0;7.44628099173554;0;0;44.6776859504132;0;0;0;44.6776859504132;0;0;0;0
"10";0;0;0;0;0;0;0;0;0;0;0;0;0;0;0;0;0;0;0;0;0;2.13492063492063;0;0;0;23.484126984127;0;0;0;12.8095238095238;0;0;0;0;0;0;0;0;0;0;0;0;0;0;0;23.484126984127;0;0;0;0;0;0;0;0;0;0;0;0;0;0;0;0;0;0;0;0;0;0;0;0;0;0;25.6190476190476;0;0;0;0;0;0;0;0;0;0;0;0;0;0;0;0;0;0;0;0;0;0;0;0;2.13492063492063;0;0;0;0;0;0;0;0;0;0;0;0;0;0;0;0;0;0;0;0;0;0;0;0;0;0;49.1031746031746;0;0;0;0;0;0;0;0;0;0;0;0;53.3730158730159;0;0;0;0;0;0;0;0;0;0;0;0;0;0;0;0;0;0;0;0;2.13492063492063;0;21.3492063492063;0;0;0;0;49.1031746031746;0;0;0;0;0;0;0;0;0;0;0;0;0;0;0;0;2.13492063492063;0;0;0;0;0;0;2.13492063492063;0;0;0;0
"11";0;0;0;0;0;0;0;0;0;0;0;3.95762711864407;0;0;0;0;0;7.91525423728814;11.8728813559322;0;0;0;0;0;0;35.6186440677966;0;0;11.8728813559322;11.8728813559322;0;0;0;0;0;0;0;0;0;0;0;0;0;0;0;19.7881355932203;0;0;0;0;0;0;0;0;0;3.95762711864407;0;0;3.95762711864407;0;0;0;0;0;0;0;0;3.95762711864407;0;0;0;0;19.7881355932203;0;0;0;0;0;0;0;0;0;0;0;0;0;0;0;0;0;0;0;0;0;31.6610169491525;0;0;0;0;0;0;0;0;0;0;0;0;0;0;0;0;0;0;0;0;0;0;0;0;0;0;0;0;0;154.347457627119;0;0;0;0;0;0;0;0;0;0;0;3.95762711864407;39.5762711864407;0;0;0;0;0;0;0;3.95762711864407;0;0;0;0;0;0;0;3.95762711864407;0;0;0;0;0;0;11.8728813559322;7.91525423728814;0;0;0;19.7881355932203;0;3.95762711864407;0;0;0;0;0;0;3.95762711864407;0;0;0;7.91525423728814;0;0;0;11.8728813559322;0;0;23.7457627118644;0;0;0;3.95762711864407;0;0;0;0
"12";0;0;0;26.9;0;0;0;0;0;14.6727272727273;0;0;0;0;4.89090909090909;0;0;9.78181818181818;0;0;0;0;0;0;0;9.78181818181818;0;0;0;0;0;0;0;0;0;0;0;0;0;0;0;0;0;0;0;26.9;0;0;0;0;0;0;0;0;4.89090909090909;0;0;0;0;0;0;0;0;0;0;0;0;0;0;0;0;0;2.44545454545455;0;0;0;0;0;7.33636363636364;0;0;0;0;2.44545454545455;0;0;0;0;0;0;0;0;0;0;0;0;0;0;0;0;0;0;0;0;0;0;0;0;0;0;0;0;0;0;2.44545454545455;0;0;0;0;0;0;0;0;0;0;0;0;0;0;0;0;0;0;0;0;0;0;12.2272727272727;0;0;0;0;0;0;0;0;0;0;0;0;0;0;0;0;0;0;0;0;0;0;2.44545454545455;22.0090909090909;0;0;0;14.6727272727273;0;0;0;0;0;0;0;0;0;0;0;0;4.89090909090909;0;0;0;0;0;0;61.1363636363636;0;0;0;39.1272727272727;0;0;0;0
"13";0;0;0;4.65289256198347;0;0;0;0;0;0;0;0;0;0;0;0;0;0;9.30578512396694;4.65289256198347;0;0;0;4.65289256198347;0;23.2644628099174;0;0;0;4.65289256198347;0;0;0;0;0;0;0;0;0;0;0;0;0;0;0;23.2644628099174;0;0;0;0;0;0;4.65289256198347;0;9.30578512396694;0;0;0;0;0;4.65289256198347;4.65289256198347;0;0;0;0;0;0;0;0;4.65289256198347;0;13.9586776859504;0;0;0;0;0;0;0;0;0;0;0;0;0;0;0;0;0;0;0;0;0;4.65289256198347;0;0;0;0;0;0;0;0;0;0;0;0;0;0;0;0;0;0;0;9.30578512396694;0;0;0;0;0;0;0;0;0;153.545454545455;0;0;0;0;0;0;0;0;0;0;0;0;32.5702479338843;0;0;0;0;0;0;0;0;0;0;0;0;0;0;0;4.65289256198347;0;0;0;0;0;0;0;13.9586776859504;0;0;0;204.727272727273;0;0;4.65289256198347;0;0;0;0;0;0;0;0;0;0;0;0;0;4.65289256198347;0;0;0;0;0;0;13.9586776859504;0;0;0;0
"14";0;0;0;0;0;0;0;0;0;0;0;0;0;0;0;0;0;0;19.6875;0;0;0;0;5.625;0;16.875;0;0;2.8125;11.25;0;0;0;0;0;2.8125;0;0;0;0;0;0;0;0;0;19.6875;0;0;0;0;0;0;0;0;5.625;0;2.8125;0;0;0;0;0;0;0;0;0;0;0;0;0;0;0;5.625;0;0;0;0;0;0;0;0;0;0;0;0;0;0;0;0;0;0;0;0;0;14.0625;0;0;0;5.625;0;0;0;0;0;2.8125;0;0;2.8125;0;0;0;0;0;0;0;0;0;0;0;0;0;0;0;0;73.125;0;0;0;0;0;0;0;0;0;0;0;0;45;0;0;0;0;0;0;0;0;0;0;0;0;0;0;0;0;0;0;0;0;2.8125;2.8125;0;5.625;0;0;0;0;0;0;0;0;0;0;0;0;0;39.375;0;0;14.0625;0;0;0;2.8125;0;0;0;0;0;0;11.25;0;0;0;0
"15";0;0;0;0;0;0;0;0;0;0;0;0;0;0;0;0;0;3.35454545454545;13.4181818181818;0;0;0;0;3.35454545454545;0;23.4818181818182;0;0;3.35454545454545;6.70909090909091;0;0;0;0;0;0;0;0;0;0;0;0;0;0;0;30.1909090909091;0;0;0;0;0;0;0;0;0;0;0;0;0;0;0;0;0;0;0;0;0;0;0;0;0;0;53.6727272727273;0;0;0;0;0;0;0;0;0;0;0;0;0;0;0;0;0;0;0;0;0;23.4818181818182;0;0;0;0;0;0;0;0;0;0;0;0;0;3.35454545454545;0;0;0;0;0;0;0;0;0;0;0;0;0;0;0;140.890909090909;0;0;0;0;0;0;0;0;0;0;0;10.0636363636364;13.4181818181818;0;0;0;0;0;0;0;0;3.35454545454545;0;0;0;0;0;0;0;0;0;0;0;0;0;0;3.35454545454545;0;0;0;3.35454545454545;0;0;0;0;0;0;0;0;0;3.35454545454545;0;3.35454545454545;13.4181818181818;0;0;0;3.35454545454545;0;0;0;0;0;0;6.70909090909091;0;0;0;0
"16";93.1724137931034;0;0;0;0;0;0;0;0;0;0;0;0;0;19.9655172413793;0;0;39.9310344827586;26.6206896551724;0;0;0;0;0;0;0;0;0;6.6551724137931;0;0;0;0;0;0;0;0;0;0;0;0;0;0;0;0;133.103448275862;0;0;0;0;0;0;6.6551724137931;0;6.6551724137931;0;6.6551724137931;0;0;0;0;0;0;0;0;0;0;0;0;0;0;0;13.3103448275862;0;0;0;0;0;0;0;0;0;0;0;0;0;0;0;0;0;0;0;0;0;0;0;6.6551724137931;0;6.6551724137931;0;0;0;0;0;0;0;0;0;0;0;0;0;0;0;0;0;0;0;0;0;0;0;0;0;0;0;0;0;0;0;0;0;0;0;0;0;6.6551724137931;26.6206896551724;0;0;0;0;0;0;0;0;0;0;0;0;0;0;0;259.551724137931;0;0;0;0;0;0;0;13.3103448275862;0;0;0;0;0;0;0;0;6.6551724137931;0;0;0;0;0;0;0;6.6551724137931;0;0;0;0;0;0;0;0;0;0;86.5172413793103;0;0;0;0
"17";0;0;0;7.20535714285714;0;0;0;0;0;0;0;0;0;0;28.8214285714286;0;0;21.6160714285714;43.2321428571429;0;0;0;0;0;0;64.8482142857143;0;0;0;0;0;21.6160714285714;0;0;0;0;0;0;0;0;0;0;0;0;0;136.901785714286;0;0;0;0;0;0;0;0;14.4107142857143;0;0;0;0;0;0;0;0;0;0;0;0;0;0;0;0;7.20535714285714;21.6160714285714;0;0;0;0;0;0;0;0;0;0;0;0;0;0;0;0;0;0;0;0;0;43.2321428571429;0;0;0;7.20535714285714;0;0;0;0;0;14.4107142857143;0;0;0;0;72.0535714285714;0;0;0;7.20535714285714;0;0;0;0;0;0;0;0;0;0;7.20535714285714;0;0;0;0;0;0;0;0;0;0;0;0;43.2321428571429;0;0;0;0;0;0;0;0;0;0;0;0;0;0;0;21.6160714285714;0;0;0;0;0;0;0;129.696428571429;0;0;0;14.4107142857143;0;0;0;0;0;0;0;0;0;0;0;0;14.4107142857143;0;0;0;0;0;0;0;0;0;0;50.4375;14.4107142857143;0;0;0
"18";0;0;0;0;0;0;0;0;0;0;0;0;0;0;0;0;0;0;0;0;0;0;0;0;0;31.0178571428571;10.3392857142857;0;0;0;0;10.3392857142857;0;0;0;0;0;0;10.3392857142857;0;0;0;0;0;0;0;0;0;0;0;0;0;0;0;41.3571428571429;0;0;0;0;0;0;0;0;0;0;0;0;0;10.3392857142857;0;0;0;0;0;0;0;0;0;0;0;0;0;0;0;0;0;0;0;0;0;0;0;51.6964285714286;0;51.6964285714286;0;0;0;237.803571428571;0;0;0;0;0;0;0;0;10.3392857142857;0;134.410714285714;0;0;0;0;0;10.3392857142857;0;0;0;0;0;0;0;237.803571428571;10.3392857142857;0;0;0;0;0;0;0;0;0;0;0;113.732142857143;0;0;41.3571428571429;0;0;0;0;0;0;0;0;0;0;0;0;0;0;103.392857142857;10.3392857142857;0;0;0;0;0;10.3392857142857;0;0;0;0;0;0;0;0;0;0;0;0;0;0;0;0;10.3392857142857;10.3392857142857;0;0;0;0;0;0;0;0;0;0;0;0;0;0
"19";0;0;0;0;0;0;0;0;0;0;0;0;0;0;0;0;0;0;0;0;0;0;0;0;0;138.144144144144;0;0;23.5855855855856;0;0;0;0;0;0;0;0;0;0;0;0;0;0;0;0;10.1081081081081;0;0;0;0;0;0;0;0;3.36936936936937;0;0;0;0;0;3.36936936936937;0;0;0;0;0;0;0;0;0;0;0;0;0;0;0;0;0;0;0;0;0;0;0;0;0;0;0;0;0;0;0;3.36936936936937;0;87.6036036036036;0;0;0;3.36936936936937;0;0;0;0;0;3.36936936936937;0;0;0;0;13.4774774774775;0;0;0;0;0;3.36936936936937;0;0;0;0;0;0;0;3.36936936936937;0;0;0;0;0;0;0;0;0;0;0;0;0;13.4774774774775;0;0;0;0;0;0;0;16.8468468468468;0;0;0;0;0;0;0;0;10.1081081081081;0;0;0;0;3.36936936936937;16.8468468468468;6.73873873873874;0;0;0;0;0;0;0;0;0;0;0;0;0;3.36936936936937;0;0;0;0;0;0;0;0;0;3.36936936936937;0;0;0;3.36936936936937;0;0;0;0
"20";117.782608695652;0;0;0;0;0;0;0;0;0;0;0;0;0;31.4086956521739;0;0;23.5565217391304;0;0;0;0;0;0;0;86.3739130434783;0;0;0;0;0;0;0;0;0;0;15.704347826087;0;0;0;0;0;0;0;0;133.486956521739;0;0;0;0;0;0;7.85217391304348;0;15.704347826087;0;0;0;0;0;0;0;7.85217391304348;0;0;0;0;7.85217391304348;0;0;0;0;47.1130434782609;0;0;0;0;0;0;0;0;0;0;0;0;0;0;0;0;0;0;0;0;0;31.4086956521739;0;0;0;62.8173913043478;0;0;0;0;0;0;0;0;0;0;0;0;0;0;0;0;0;0;0;0;0;0;0;0;0;7.85217391304348;0;0;0;0;0;0;0;0;0;0;0;7.85217391304348;7.85217391304348;0;0;0;0;0;0;0;47.1130434782609;0;0;0;0;0;0;0;23.5565217391304;0;0;0;0;0;0;7.85217391304348;149.191304347826;0;0;0;15.704347826087;0;0;0;0;0;0;0;0;0;0;0;0;15.704347826087;0;0;0;0;0;0;15.704347826087;0;0;7.85217391304348;7.85217391304348;0;0;0;0
"21";0;0;0;0;0;0;0;0;0;0;0;0;0;0;0;0;0;0;0;0;0;0;0;10;0;50;20;0;0;0;0;0;0;0;0;0;0;0;0;0;0;0;0;0;0;0;0;0;0;0;0;0;0;0;60;0;120;0;0;0;0;0;0;0;0;0;0;0;0;0;0;0;10;0;0;0;0;0;0;0;0;0;0;0;0;0;0;0;0;0;0;0;140;0;40;0;0;0;100;0;0;0;0;0;0;0;0;10;0;250;0;0;0;0;0;0;0;20;0;0;0;0;0;0;0;0;0;0;0;0;0;0;0;0;0;0;0;0;0;150;0;0;0;0;0;0;0;0;10;0;0;0;0;0;0;0;0;0;0;0;0;0;0;0;0;0;0;0;0;0;0;0;0;0;0;0;0;0;10;0;0;0;0;0;0;0;0;0;0;30;0;0;0;0
"22";0;0;0;0;0;0;0;0;0;0;0;0;0;0;0;0;0;0;0;0;0;0;0;0;0;9.88725490196078;9.88725490196078;0;0;0;0;9.88725490196078;0;0;0;0;0;0;0;0;0;0;0;0;0;0;0;0;0;0;0;0;0;0;49.4362745098039;0;29.6617647058824;0;0;0;0;0;0;0;0;0;0;0;286.730392156863;0;0;19.7745098039216;0;0;0;0;0;0;0;9.88725490196078;88.9852941176471;79.0980392156863;0;0;0;0;0;0;0;0;0;0;128.53431372549;0;29.6617647058824;0;0;0;316.392156862745;0;0;0;0;0;0;0;0;0;0;454.813725490196;0;0;0;0;0;0;0;69.2107843137255;0;0;0;0;0;9.88725490196078;0;0;0;0;0;0;0;0;0;0;0;0;0;0;0;158.196078431373;0;0;0;0;9.88725490196078;0;0;0;0;0;0;0;0;0;108.759803921569;9.88725490196078;0;0;0;0;0;0;39.5490196078431;0;0;0;0;0;0;0;0;0;0;0;0;0;0;0;0;19.7745098039216;0;0;59.3235294117647;0;0;0;0;0;0;9.88725490196078;0;0;0;0
"23";0;0;0;0;0;0;0;0;0;0;0;0;0;0;0;0;25.1016949152542;0;0;0;0;0;0;0;0;200.813559322034;0;0;12.5508474576271;0;0;0;0;0;0;0;0;0;0;0;0;0;0;0;0;0;0;0;0;0;0;0;163.161016949153;0;0;0;0;0;0;0;0;0;0;0;0;0;0;0;75.3050847457627;0;0;25.1016949152542;50.2033898305085;0;0;0;0;0;12.5508474576271;25.1016949152542;25.1016949152542;12.5508474576271;0;0;0;0;0;0;0;0;0;0;0;0;62.7542372881356;0;0;0;87.8559322033898;0;0;0;0;351.423728813559;12.5508474576271;0;0;0;0;12.5508474576271;0;0;0;0;0;0;0;0;0;0;0;0;0;0;0;0;0;0;0;0;0;0;0;0;0;0;12.5508474576271;0;0;25.1016949152542;0;0;0;0;0;62.7542372881356;0;0;0;0;0;0;0;0;0;0;0;0;25.1016949152542;0;12.5508474576271;0;12.5508474576271;0;0;25.1016949152542;0;37.6525423728814;62.7542372881356;0;0;0;0;0;0;12.5508474576271;0;0;12.5508474576271;0;0;0;0;0;12.5508474576271;0;0;0;12.5508474576271;0;0;0;0;0
"24";0;0;0;0;0;0;0;0;0;0;0;0;0;0;0;0;0;0;0;0;0;0;0;0;0;100.422018348624;0;0;0;0;0;0;3.86238532110092;0;0;0;0;0;0;0;0;0;0;0;0;0;0;0;0;0;0;0;30.8990825688073;0;0;0;0;0;3.86238532110092;0;0;3.86238532110092;0;0;0;0;0;0;0;0;0;0;27.0366972477064;0;0;0;0;0;0;0;0;0;0;0;0;0;0;0;0;0;0;0;3.86238532110092;0;30.8990825688073;0;0;0;0;0;0;0;0;7.72477064220184;11.5871559633028;0;0;0;0;0;0;0;0;0;0;0;0;0;0;0;0;0;0;0;3.86238532110092;0;0;0;0;0;0;0;0;0;0;0;0;7.72477064220184;0;0;0;0;0;0;0;27.0366972477064;0;0;15.4495412844037;0;0;0;0;0;0;0;0;0;3.86238532110092;0;23.1743119266055;0;0;0;0;46.348623853211;0;46.348623853211;0;0;0;0;0;0;0;0;0;0;7.72477064220184;3.86238532110092;0;0;3.86238532110092;0;0;3.86238532110092;0;0;3.86238532110092;0;0;0;0;0
"25";0;0;0;0;0;0;0;0;0;0;0;0;0;0;0;0;0;0;0;0;0;0;0;0;0;60.4;0;0;8.62857142857143;0;0;0;0;0;0;0;0;0;0;0;0;0;0;0;0;0;0;0;0;0;0;0;60.4;0;8.62857142857143;0;0;0;0;0;8.62857142857143;0;0;0;8.62857142857143;0;0;0;0;0;0;0;69.0285714285714;0;0;0;0;0;0;0;0;0;0;0;0;0;0;0;0;0;0;0;0;0;8.62857142857143;0;0;0;17.2571428571429;0;0;0;0;0;0;0;0;17.2571428571429;8.62857142857143;0;0;0;0;0;0;0;0;0;0;0;0;0;0;0;43.1428571428571;0;0;0;0;0;0;0;0;0;0;17.2571428571429;0;8.62857142857143;0;0;17.2571428571429;0;0;0;0;103.542857142857;0;0;8.62857142857143;0;0;0;0;0;0;25.8857142857143;0;0;0;0;34.5142857142857;0;0;0;0;250.228571428571;0;34.5142857142857;43.1428571428571;0;0;0;0;0;0;0;0;0;8.62857142857143;0;0;0;0;0;0;8.62857142857143;0;0;25.8857142857143;0;0;0;0;0
"28";0;0;0;0;132.897142857143;0;0;0;0;0;0;0;10.2228571428571;0;0;0;0;0;0;0;0;0;0;71.56;0;20.4457142857143;0;0;10.2228571428571;0;0;0;0;0;0;0;0;0;0;0;0;0;0;0;0;51.1142857142857;0;0;0;0;0;0;0;0;0;0;0;0;0;0;0;0;0;0;10.2228571428571;0;0;0;0;0;40.8914285714286;0;0;0;0;0;0;0;0;0;0;0;40.8914285714286;0;0;0;0;0;0;0;0;0;20.4457142857143;0;0;0;0;0;10.2228571428571;0;0;0;0;0;0;0;0;51.1142857142857;143.12;0;0;0;10.2228571428571;0;0;0;0;0;0;0;0;0;0;0;20.4457142857143;0;0;0;0;0;0;0;0;0;0;255.571428571429;0;10.2228571428571;0;0;30.6685714285714;0;0;0;0;122.674285714286;0;0;10.2228571428571;0;0;0;10.2228571428571;0;0;10.2228571428571;0;0;0;20.4457142857143;0;0;0;0;0;51.1142857142857;0;61.3371428571429;470.251428571429;0;0;0;0;0;0;0;0;0;0;0;0;0;0;0;0;0;0;0;92.0057142857143;0;0;0;0;0
"29";0;0;0;0;59.4590163934426;0;0;0;0;0;0;0;9.90983606557377;0;0;0;29.7295081967213;0;0;0;0;0;0;79.2786885245902;0;0;0;0;9.90983606557377;0;0;0;0;0;0;9.90983606557377;0;0;0;0;0;0;0;0;0;19.8196721311475;9.90983606557377;19.8196721311475;9.90983606557377;0;0;0;0;0;0;0;0;0;0;0;0;0;0;0;0;0;0;0;0;0;9.90983606557377;0;0;0;0;0;0;0;0;19.8196721311475;0;0;9.90983606557377;0;0;0;0;0;0;0;0;0;59.4590163934426;0;0;0;0;0;0;0;0;0;0;0;0;0;0;29.7295081967213;29.7295081967213;0;0;0;9.90983606557377;0;0;0;0;0;0;0;0;0;0;0;19.8196721311475;0;0;0;0;0;0;0;0;0;0;69.3688524590164;0;0;0;0;59.4590163934426;0;0;0;0;59.4590163934426;0;0;19.8196721311475;9.90983606557377;9.90983606557377;0;0;0;0;0;0;9.90983606557377;0;19.8196721311475;0;0;0;0;0;39.6393442622951;0;59.4590163934426;297.295081967213;0;0;0;0;0;0;0;0;0;0;0;0;0;29.7295081967213;0;0;0;0;0;79.2786885245902;0;0;0;0;0
"30";0;0;0;0;129.005882352941;0;0;0;0;0;0;0;9.92352941176471;0;0;0;19.8470588235294;0;0;0;0;0;0;168.7;0;0;0;0;9.92352941176471;0;0;0;0;0;0;0;0;0;0;0;0;0;0;0;0;49.6176470588235;0;9.92352941176471;0;0;0;0;0;0;9.92352941176471;0;0;0;0;0;0;0;0;9.92352941176471;0;0;0;0;0;0;59.5411764705882;0;0;0;0;0;0;0;0;0;0;0;0;0;0;0;0;0;0;0;0;0;39.6941176470588;0;0;0;0;0;0;0;0;0;0;0;0;0;0;9.92352941176471;198.470588235294;0;0;0;0;0;0;0;0;0;0;0;0;0;0;0;0;0;0;0;0;0;0;0;0;0;0;79.3882352941176;0;0;0;0;39.6941176470588;0;0;0;0;49.6176470588235;0;0;9.92352941176471;0;19.8470588235294;0;9.92352941176471;0;0;0;0;9.92352941176471;0;9.92352941176471;0;0;0;0;0;79.3882352941176;0;138.929411764706;446.558823529412;0;0;0;0;0;0;0;0;0;0;0;0;0;9.92352941176471;0;0;0;0;0;59.5411764705882;0;0;0;0;0
"31";0;0;0;0;26.28;0;0;0;0;0;0;0;0;0;0;0;0;0;0;0;0;0;0;26.28;0;8.76;0;0;0;0;0;0;0;0;0;0;0;0;0;0;0;0;0;0;0;26.28;0;0;0;0;0;0;0;0;0;0;0;0;0;0;0;0;0;0;8.76;0;0;0;0;0;8.76;0;0;0;0;0;0;0;0;0;0;0;0;0;0;0;0;0;0;0;0;0;8.76;0;0;0;0;0;0;0;0;0;0;0;0;0;0;0;8.76;0;0;0;0;0;0;0;0;0;0;0;0;0;0;0;0;0;0;0;0;0;0;0;0;0;0;43.8;0;0;8.76;0;0;0;0;0;0;8.76;0;0;17.52;0;8.76;0;0;0;0;17.52;0;0;0;8.76;0;0;0;0;0;376.68;0;166.44;70.08;0;0;0;0;0;0;0;0;0;0;0;0;0;0;0;0;0;0;0;26.28;0;0;0;0;0
"32";0;0;0;0;80.7;0;10.0875;0;0;0;0;0;0;0;0;0;0;0;0;0;0;0;0;60.525;0;0;0;0;0;0;0;0;0;0;20.175;0;0;0;0;0;0;10.0875;0;0;0;20.175;0;0;0;0;0;0;0;0;10.0875;0;0;0;0;0;0;0;0;0;0;0;0;0;0;0;60.525;0;0;0;0;0;0;0;0;10.0875;0;0;0;0;0;0;0;0;0;0;0;0;191.6625;0;0;0;0;0;0;0;0;0;0;0;0;0;0;50.4375;161.4;0;0;0;0;0;0;0;0;0;0;0;0;0;0;0;0;0;0;0;0;0;0;0;0;0;0;131.1375;0;0;10.0875;0;40.35;0;0;10.0875;0;30.2625;10.0875;0;20.175;0;0;0;40.35;0;0;0;0;0;0;121.05;0;0;0;0;0;70.6125;0;0;363.15;0;0;0;0;0;0;0;0;0;10.0875;0;0;0;10.0875;0;0;0;0;0;50.4375;10.0875;0;0;0;0
"33";0;9.63114754098361;0;9.63114754098361;134.83606557377;0;19.2622950819672;0;0;0;0;0;0;0;0;0;0;9.63114754098361;0;0;0;0;0;96.3114754098361;0;0;0;0;9.63114754098361;0;0;0;0;0;0;0;0;0;0;0;0;9.63114754098361;0;0;0;9.63114754098361;0;28.8934426229508;19.2622950819672;0;0;0;0;0;9.63114754098361;0;0;0;0;0;0;0;0;9.63114754098361;0;0;0;0;0;0;9.63114754098361;0;0;0;0;0;0;0;0;9.63114754098361;0;0;9.63114754098361;0;0;0;0;0;0;0;0;0;134.83606557377;0;0;0;0;0;0;0;0;0;0;0;0;0;0;28.8934426229508;144.467213114754;0;0;0;19.2622950819672;0;0;0;0;0;0;0;0;0;0;0;0;0;0;0;0;0;0;0;0;0;0;38.5245901639344;0;0;9.63114754098361;0;48.155737704918;9.63114754098361;0;0;0;9.63114754098361;0;0;9.63114754098361;19.2622950819672;0;0;9.63114754098361;0;0;0;0;9.63114754098361;0;77.0491803278689;0;0;0;0;0;0;0;38.5245901639344;57.7868852459016;0;0;0;0;0;0;0;0;0;9.63114754098361;0;0;0;28.8934426229508;0;0;0;9.63114754098361;0;57.7868852459016;0;0;0;0;0
"34";0;0;0;0;20.1308411214953;0;0;0;0;0;0;0;0;0;0;0;0;0;0;0;0;0;0;50.3271028037383;0;0;0;0;0;0;0;0;0;0;0;0;0;0;0;0;0;0;0;0;0;40.2616822429907;0;0;30.196261682243;10.0654205607477;0;0;0;0;10.0654205607477;0;0;0;10.0654205607477;0;0;0;0;10.0654205607477;0;0;0;0;0;0;70.4579439252336;0;30.196261682243;0;0;0;0;0;0;0;0;0;130.85046728972;0;0;0;0;0;0;0;0;0;20.1308411214953;0;0;0;0;0;0;0;0;0;0;0;0;0;0;0;10.0654205607477;0;0;0;20.1308411214953;0;0;0;0;0;0;0;0;0;0;0;0;0;0;0;0;0;0;0;0;0;0;50.3271028037383;0;10.0654205607477;80.5233644859813;0;0;0;0;30.196261682243;0;30.196261682243;0;0;0;10.0654205607477;10.0654205607477;0;0;0;0;0;0;0;20.1308411214953;70.4579439252336;0;0;0;0;0;110.719626168224;0;40.2616822429907;30.196261682243;0;30.196261682243;0;0;0;0;0;0;0;0;0;0;0;40.2616822429907;0;0;0;0;0;40.2616822429907;10.0654205607477;0;0;0;0
"35";0;0;0;0;18.9532710280374;0;0;0;0;0;0;0;18.9532710280374;0;0;0;0;0;0;0;0;0;0;66.3364485981308;0;0;0;0;9.47663551401869;0;47.3831775700935;0;0;0;0;0;0;0;0;0;0;0;0;0;0;47.3831775700935;0;9.47663551401869;28.4299065420561;0;0;0;0;0;0;0;0;0;9.47663551401869;0;0;0;0;0;0;0;0;9.47663551401869;0;0;28.4299065420561;0;9.47663551401869;0;0;0;0;0;0;0;0;0;0;0;0;0;0;0;0;0;0;0;56.8598130841121;0;0;0;0;0;0;0;0;0;0;0;0;0;0;9.47663551401869;66.3364485981308;0;0;0;0;0;0;0;0;0;0;0;0;0;0;0;0;0;0;0;0;0;0;0;0;0;0;180.056074766355;0;0;18.9532710280374;0;37.9065420560748;0;0;0;0;9.47663551401869;0;0;18.9532710280374;9.47663551401869;18.9532710280374;0;9.47663551401869;0;0;0;0;0;0;0;0;0;0;0;0;94.7663551401869;0;56.8598130841121;85.2897196261682;0;0;0;0;0;0;0;0;0;0;0;0;0;9.47663551401869;0;0;9.47663551401869;9.47663551401869;0;9.47663551401869;0;0;0;0;0
"36";0;0;0;0;38.34375;0;0;0;0;0;0;0;19.171875;0;0;0;0;0;0;0;0;0;0;19.171875;0;0;0;0;9.5859375;0;28.7578125;0;0;0;0;0;0;0;0;0;0;0;0;0;0;28.7578125;0;9.5859375;38.34375;0;0;0;0;0;0;0;0;0;0;0;0;0;0;0;0;0;0;0;0;0;47.9296875;0;19.171875;0;0;0;9.5859375;0;0;0;0;0;19.171875;0;0;0;0;0;0;0;0;0;95.859375;0;0;0;0;0;0;0;0;0;0;0;0;0;0;19.171875;115.03125;0;0;0;9.5859375;0;0;0;0;0;0;0;0;0;0;0;0;0;0;0;0;0;0;0;0;0;0;220.4765625;0;0;19.171875;9.5859375;76.6875;0;0;0;0;19.171875;0;0;38.34375;0;0;0;0;0;0;0;0;0;9.5859375;19.171875;0;0;0;0;0;38.34375;0;67.1015625;153.375;0;0;0;0;0;0;0;0;0;0;0;0;0;0;0;0;0;0;0;19.171875;0;0;9.5859375;0;0
"37";0;0;0;0;39.5244755244755;0;0;0;0;0;0;0;0;0;0;0;0;0;0;0;0;0;0;88.9300699300699;0;0;0;0;0;0;39.5244755244755;0;0;0;0;0;0;0;0;0;0;9.88111888111888;0;0;0;39.5244755244755;0;19.7622377622378;88.9300699300699;0;0;0;0;0;0;0;0;0;9.88111888111888;0;0;0;0;0;0;0;0;0;0;0;39.5244755244755;0;9.88111888111888;0;0;0;0;0;0;0;0;0;29.6433566433566;0;0;0;0;0;0;0;0;0;227.265734265734;0;0;0;0;0;0;0;0;0;0;0;0;0;0;0;158.097902097902;0;0;0;0;0;0;0;0;0;0;0;0;0;0;0;0;0;0;0;0;0;0;0;0;0;0;197.622377622378;0;9.88111888111888;19.7622377622378;0;59.2867132867133;0;0;0;0;29.6433566433566;0;0;9.88111888111888;0;9.88111888111888;0;0;0;0;19.7622377622378;0;0;0;0;0;0;0;0;0;118.573426573427;0;49.4055944055944;29.6433566433566;0;0;0;0;0;0;0;0;0;0;0;0;0;29.6433566433566;0;0;0;0;0;29.6433566433566;0;0;0;0;0
"38";0;0;0;0;0;0;0;0;0;0;9.45569620253165;0;0;0;0;0;0;0;0;0;0;0;0;1.05063291139241;0;1.05063291139241;3.15189873417722;0;0;0;0;0;0;0;0;0;0;0;0;1.05063291139241;0;0;0;0;0;0;0;0;0;0;0;0;0;0;0;0;0;0;0;1.05063291139241;0;0;0;0;0;0;0;0;0;9.45569620253165;0;0;0;0;0;0;0;0;2.10126582278481;0;0;0;0;0;0;0;0;0;0;0;1.05063291139241;0;1.05063291139241;7.35443037974684;1.05063291139241;0;2.10126582278481;0;4.20253164556962;0;0;0;0;0;0;0;0;0;0;0;0;0;0;0;0;0;0;0;0;0;0;0;0;10.506329113924;0;0;0;0;0;0;0;0;0;0;0;0;0;0;0;4.20253164556962;0;0;0;0;0;0;0;0;0;0;0;0;0;0;0;0;1.05063291139241;0;0;0;0;0;0;8.40506329113924;0;0;0;0;0;0;0;0;0;0;0;2.10126582278481;0;8.40506329113924;0;0;0;0;0;0;0;0;3.15189873417722;0;0;0;0;0;0;0
"39";0;0;0;0;0;0;0;0;0;0;0;0;0;0;0;0;0;0;0;0;0;0;0;0;0;0;0;0;0;0;0;0;0;0;0;0;0;0;1.04210526315789;0;0;0;0;0;0;0;0;0;0;0;0;0;0;0;0;0;0;0;0;0;0;0;0;0;0;0;0;0;0;0;0;0;0;0;0;0;0;0;3.12631578947368;3.12631578947368;0;0;0;0;0;0;0;0;0;0;0;0;0;0;0;0;5.21052631578947;0;76.0736842105263;0;0;0;0;0;0;0;0;0;0;0;0;0;0;0;0;0;0;0;0;0;0;0;0;0;0;0;0;0;0;1.04210526315789;1.04210526315789;0;0;0;0;0;0;0;0;0;0;0;0;0;0;0;0;0;0;0;0;0;0;0;0;0;0;0;0;0;0;1.04210526315789;0;0;0;0;0;0;0;0;0;0;0;0;0;2.08421052631579;0;0;2.08421052631579;0;0;0;0;0;0;0;0;0;0;3.12631578947368;0;0;0;0
"40";0;0;0;0;0;0;0;0;0;0;0;0;0;0;0;0;0;0;0;29.2210526315789;0;36.5263157894737;0;0;0;0;0;0;0;18.2631578947368;0;0;0;0;0;0;0;0;0;0;3.65263157894737;0;0;0;43.8315789473684;0;0;0;0;0;0;0;0;7.30526315789474;0;0;0;0;0;0;0;0;0;0;0;0;0;0;0;0;0;0;29.2210526315789;0;0;0;0;0;0;0;0;0;0;0;0;0;10.9578947368421;0;0;0;0;0;3.65263157894737;0;0;0;3.65263157894737;14.6105263157895;7.30526315789474;0;0;0;0;0;0;0;0;0;0;0;0;0;0;0;0;0;0;0;0;0;18.2631578947368;0;0;0;0;0;7.30526315789474;0;7.30526315789474;0;0;0;0;0;0;0;0;36.5263157894737;0;0;0;0;0;0;0;0;0;0;0;0;0;0;0;7.30526315789474;0;0;0;0;0;0;0;3.65263157894737;0;0;3.65263157894737;7.30526315789474;0;0;0;0;0;0;0;0;0;0;0;0;0;0;0;0;0;3.65263157894737;0;25.5684210526316;0;0;0;18.2631578947368;0;0;0;0
"41";0;0;0;0;0;0;0;0;0;0;0;0;0;0;0;0;0;0;0;0;0;7.66355140186916;0;15.3271028037383;0;34.4859813084112;0;0;0;72.803738317757;0;0;0;0;0;0;0;0;0;0;0;0;0;0;0;11.4953271028037;0;0;0;0;0;0;0;0;3.83177570093458;0;0;0;0;0;0;0;0;0;0;0;0;0;0;0;0;0;0;0;0;0;0;0;0;0;0;0;0;0;0;0;0;0;0;0;0;0;0;0;0;0;19.1588785046729;3.83177570093458;7.66355140186916;0;0;0;0;0;0;0;0;0;0;0;0;0;0;0;3.83177570093458;0;0;0;0;0;0;0;0;0;3.83177570093458;0;0;0;0;0;0;0;0;0;0;0;0;38.3177570093458;0;0;0;0;0;0;0;0;0;0;0;0;0;0;0;0;0;0;0;0;0;0;3.83177570093458;134.11214953271;0;0;0;0;0;0;0;0;0;0;0;0;0;0;0;0;3.83177570093458;0;0;0;0;0;0;11.4953271028037;0;0;0;34.4859813084112;0;0;0;0
"42";0;0;0;0;0;0;0;0;0;0;0;0;0;0;0;0;0;0;0;0;0;3.58558558558559;0;39.4414414414414;0;75.2972972972973;0;0;0;10.7567567567568;0;0;0;0;0;0;0;0;0;0;0;0;0;0;0;0;0;0;0;0;0;0;0;0;0;0;0;0;0;0;0;0;0;0;0;0;0;0;0;0;0;0;35.8558558558559;0;0;0;0;0;0;0;0;0;0;0;0;0;0;0;0;0;0;0;7.17117117117117;0;0;0;14.3423423423423;32.2702702702703;0;0;0;0;0;0;0;0;0;3.58558558558559;0;0;0;0;0;0;0;0;0;0;0;0;0;0;0;0;0;0;0;0;0;0;0;0;0;0;0;0;3.58558558558559;100.396396396396;0;0;0;0;0;0;0;0;0;0;0;0;0;0;0;3.58558558558559;0;0;0;0;0;0;0;0;0;0;0;10.7567567567568;0;10.7567567567568;0;0;0;0;0;0;0;32.2702702702703;0;0;0;0;0;0;0;0;0;7.17117117117117;0;0;0;7.17117117117117;0;0;0;0
"43";0;0;0;0;0;0;0;1.06521739130435;0;0;0;0;0;0;0;0;0;0;0;1.06521739130435;0;2.1304347826087;0;5.32608695652174;0;6.39130434782609;0;0;0;9.58695652173913;0;0;0;0;0;0;0;0;0;3.19565217391304;0;0;0;0;5.32608695652174;2.1304347826087;0;0;0;0;0;0;0;0;0;1.06521739130435;0;0;0;0;0;0;0;0;0;0;0;0;0;0;0;0;0;0;0;0;0;0;0;0;0;0;0;0;0;0;0;0;0;0;0;0;1.06521739130435;0;2.1304347826087;0;13.8478260869565;5.32608695652174;4.26086956521739;0;0;0;0;0;0;0;0;0;0;0;0;0;0;0;0;0;0;0;0;0;0;0;0;0;1.06521739130435;0;0;1.06521739130435;1.06521739130435;0;0;1.06521739130435;1.06521739130435;0;0;0;0;1.06521739130435;0;0;0;0;0;0;0;0;0;0;0;0;0;0;0;2.1304347826087;0;0;0;0;0;0;0;15.9782608695652;0;0;0;0;0;0;0;0;0;0;0;0;0;1.06521739130435;0;0;0;0;0;0;0;0;0;2.1304347826087;0;0;0;6.39130434782609;0;0;0;0
"44";0;0;0;28.84;0;0;0;0;0;0;0;8.24;0;0;0;0;0;0;0;0;0;49.44;0;0;0;16.48;0;0;0;4.12;0;0;0;0;0;0;0;0;0;0;0;0;0;0;0;0;0;0;0;0;0;0;0;0;0;0;0;0;0;0;0;0;4.12;0;0;0;0;0;0;0;0;0;0;0;0;0;0;0;0;0;0;0;0;0;0;0;0;0;0;0;0;0;0;0;0;0;115.36;8.24;0;0;0;0;0;0;0;0;0;0;0;0;0;0;0;0;4.12;0;0;0;0;0;8.24;0;0;0;0;0;0;0;0;0;0;0;0;0;0;0;0;70.04;0;0;0;0;0;0;0;0;0;0;0;0;0;0;0;0;0;0;0;0;0;0;0;4.12;0;0;0;28.84;0;28.84;0;0;0;0;0;0;0;0;0;0;16.48;0;0;0;0;0;0;103;0;0;0;16.48;0;0;0;0
"45";11.9848484848485;0;0;233.704545454545;0;0;0;0;0;11.9848484848485;0;0;0;0;0;0;0;0;0;0;0;0;0;0;0;0;0;0;0;11.9848484848485;0;0;0;0;0;0;0;0;0;0;0;0;0;0;0;77.9015151515152;0;0;0;0;0;0;0;0;0;17.9772727272727;0;0;0;0;0;0;0;0;0;0;0;0;0;0;0;0;0;0;0;0;0;0;0;0;0;0;0;0;0;0;0;0;0;0;0;0;0;0;0;0;0;0;5.99242424242424;0;0;0;0;0;0;0;0;0;0;0;0;0;0;0;0;0;0;0;0;0;0;0;0;0;0;0;0;0;0;0;0;0;0;0;0;0;5.99242424242424;173.780303030303;0;0;0;0;0;0;0;0;0;0;0;0;0;0;0;0;0;0;0;0;0;0;0;41.9469696969697;0;0;0;0;0;0;0;0;5.99242424242424;0;0;0;0;0;0;0;0;0;0;0;0;0;0;41.9469696969697;0;0;0;149.810606060606;0;0;0;0
"46";29.655737704918;0;0;4.94262295081967;0;0;0;0;0;0;0;4.94262295081967;0;0;0;0;0;0;0;0;0;4.94262295081967;0;0;0;14.827868852459;0;0;0;0;0;0;0;0;0;0;0;0;0;0;0;0;0;0;0;168.049180327869;0;0;0;0;0;0;0;0;0;9.88524590163934;0;0;0;0;0;0;0;0;0;0;0;0;0;0;0;0;0;0;0;0;0;0;0;0;0;0;0;0;0;0;0;0;0;0;0;0;0;0;0;0;0;0;0;0;0;0;0;0;0;0;0;0;0;0;0;0;0;0;0;4.94262295081967;0;0;0;0;0;0;0;0;0;0;0;0;0;0;0;0;0;0;0;0;4.94262295081967;88.9672131147541;0;0;0;0;0;0;0;0;0;0;0;0;0;0;0;0;0;0;0;0;0;0;4.94262295081967;34.5983606557377;0;0;0;29.655737704918;0;0;0;0;0;0;0;0;0;0;0;0;0;0;0;0;0;0;0;49.4262295081967;0;0;0;148.27868852459;0;0;0;0
"47";7.60683760683761;0;0;0;0;0;0;0;0;0;0;0;0;0;0;0;0;0;0;0;0;3.8034188034188;0;7.60683760683761;0;114.102564102564;0;0;0;26.6239316239316;0;0;0;0;0;0;0;0;0;0;0;0;0;0;0;57.0512820512821;0;0;0;0;0;0;0;0;0;0;0;0;0;0;0;0;0;0;0;0;0;0;0;0;0;0;3.8034188034188;0;0;0;0;0;0;7.60683760683761;0;0;0;0;0;0;0;0;0;0;0;0;0;0;3.8034188034188;0;15.2136752136752;7.60683760683761;0;0;0;0;0;0;0;0;0;0;11.4102564102564;0;0;0;0;0;0;0;0;0;0;0;3.8034188034188;0;0;0;0;0;0;0;0;0;0;0;0;0;0;0;0;26.6239316239316;0;0;0;0;0;0;0;0;0;3.8034188034188;0;0;0;0;0;0;0;0;0;0;0;0;0;76.0683760683761;0;0;0;7.60683760683761;0;0;0;0;0;0;0;0;0;0;0;0;0;0;0;0;0;0;0;7.60683760683761;0;0;0;53.2478632478633;0;0;0;0
"48";64.4516129032258;0;0;3.58064516129032;0;0;0;0;0;0;0;7.16129032258065;0;0;0;0;0;0;0;0;0;14.3225806451613;0;0;0;82.3548387096774;0;0;0;3.58064516129032;0;0;0;0;0;0;0;0;0;0;0;0;0;0;0;21.4838709677419;0;0;0;0;0;0;0;0;0;3.58064516129032;0;0;0;0;0;3.58064516129032;0;0;0;0;0;0;0;0;0;0;21.4838709677419;0;0;0;0;0;0;0;0;0;0;0;0;0;0;0;0;0;0;0;0;0;10.741935483871;0;0;10.741935483871;3.58064516129032;0;0;0;0;0;0;0;0;0;0;0;0;0;0;0;0;0;0;0;0;0;3.58064516129032;0;0;0;7.16129032258065;0;0;0;0;0;0;0;0;0;0;0;3.58064516129032;32.2258064516129;0;0;0;0;0;0;0;0;0;0;3.58064516129032;0;0;0;0;0;0;0;0;0;0;0;0;93.0967741935484;0;0;0;14.3225806451613;0;0;0;0;3.58064516129032;0;0;0;0;0;0;0;3.58064516129032;0;0;0;0;0;0;7.16129032258065;0;0;0;21.4838709677419;0;0;0;0
"49";0;0;0;65.208;0;0;0;5.016;0;10.032;0;5.016;0;0;35.112;0;0;0;0;0;0;0;0;0;0;30.096;0;0;0;0;0;0;0;0;0;0;0;0;0;0;0;0;0;0;0;60.192;0;0;0;0;0;0;0;0;5.016;0;0;0;0;0;0;0;0;0;0;0;0;0;0;0;0;0;5.016;0;0;0;0;0;0;0;0;0;0;0;0;0;0;0;0;0;0;0;0;0;0;0;0;0;0;0;0;0;0;0;0;0;0;0;0;0;0;0;0;10.032;0;0;0;0;0;0;0;0;0;0;0;0;0;0;0;0;0;0;0;0;0;0;0;15.048;0;0;0;0;0;0;0;0;0;0;0;0;0;0;0;0;0;0;0;0;0;0;10.032;65.208;0;0;0;20.064;0;0;0;0;0;0;0;0;0;0;0;0;0;0;0;0;0;0;0;185.592;0;0;0;100.32;0;0;0;0
"50";228.225806451613;0;0;27.3870967741935;0;0;0;0;0;0;0;18.258064516129;0;0;9.12903225806452;0;0;0;0;0;0;0;0;0;0;18.258064516129;0;0;0;0;0;0;0;0;0;0;0;0;0;0;0;0;0;0;0;401.677419354839;0;0;0;0;0;0;0;0;9.12903225806452;91.2903225806452;0;0;0;0;0;0;0;0;0;0;0;0;0;0;0;0;0;0;0;0;0;0;0;0;0;0;0;0;0;0;0;0;0;0;0;0;0;0;27.3870967741935;0;0;9.12903225806452;0;0;0;0;0;0;0;0;0;0;0;0;0;0;0;0;0;0;0;0;0;0;0;0;0;0;0;0;0;0;0;0;0;0;9.12903225806452;0;0;0;0;36.5161290322581;0;0;0;0;0;0;0;0;0;0;0;0;0;0;0;0;0;0;0;0;0;0;0;127.806451612903;0;0;0;9.12903225806452;0;0;0;0;27.3870967741935;0;0;0;0;0;0;0;0;0;0;0;0;0;0;9.12903225806452;0;0;0;73.0322580645161;0;0;0;0
"51";0;0;0;0;0;0;0;0;0;0;0;6.50420168067227;0;0;0;0;0;0;0;0;0;0;0;0;0;253.663865546218;0;0;0;6.50420168067227;0;0;0;0;0;0;0;0;0;0;0;0;0;0;0;156.100840336134;0;0;0;0;0;0;0;0;13.0084033613445;6.50420168067227;0;0;0;0;0;0;0;0;0;0;0;0;0;0;0;0;0;0;0;0;0;0;0;0;0;0;0;0;0;0;0;0;0;0;0;0;0;0;32.5210084033613;6.50420168067227;0;6.50420168067227;0;0;0;0;0;0;0;0;0;39.0252100840336;0;0;0;0;0;0;6.50420168067227;6.50420168067227;0;0;0;0;0;0;0;0;0;0;0;0;0;0;0;0;0;0;0;0;0;13.0084033613445;0;0;0;0;0;0;0;0;0;0;0;0;0;0;0;6.50420168067227;0;0;0;0;0;0;0;130.084033613445;0;0;0;0;0;0;0;0;6.50420168067227;0;0;0;0;0;0;0;0;0;0;0;0;0;0;0;0;0;6.50420168067227;71.546218487395;0;0;0;0
"52";15.7795275590551;0;0;7.88976377952756;0;0;0;0;0;0;0;7.88976377952756;0;0;15.7795275590551;0;0;7.88976377952756;7.88976377952756;0;0;0;0;55.2283464566929;0;110.456692913386;0;0;0;0;0;0;0;0;0;0;0;0;7.88976377952756;0;0;0;0;0;0;55.2283464566929;0;0;0;0;0;0;39.4488188976378;0;7.88976377952756;31.5590551181102;0;0;7.88976377952756;0;0;7.88976377952756;0;0;0;0;0;0;0;0;0;0;165.685039370079;0;0;0;0;0;0;0;0;0;0;0;0;0;0;0;0;0;0;0;7.88976377952756;0;0;0;0;0;0;0;0;0;0;0;0;0;0;39.4488188976378;0;0;0;0;0;0;0;0;0;0;0;0;0;0;0;0;0;0;0;0;0;0;0;0;0;0;0;0;7.88976377952756;23.6692913385827;0;0;0;0;0;0;0;0;0;0;7.88976377952756;0;0;0;0;0;0;0;0;0;0;0;23.6692913385827;142.015748031496;0;0;0;63.1181102362205;0;0;0;0;0;0;0;0;0;0;0;0;102.566929133858;0;0;0;0;0;0;7.88976377952756;0;0;7.88976377952756;15.7795275590551;0;0;0;0
"53";54.2666666666667;0;0;0;0;0;0;0;0;0;0;0;0;0;0;0;0;16.9583333333333;6.78333333333333;0;0;0;0;0;0;0;0;0;0;0;0;0;0;0;0;0;0;0;0;0;0;0;0;0;0;132.275;0;0;0;0;0;0;0;0;0;0;0;0;0;0;0;0;0;0;0;0;0;13.5666666666667;0;0;0;0;3.39166666666667;0;0;0;0;0;0;0;0;0;0;0;0;0;0;0;0;0;0;0;0;0;0;0;0;0;0;0;0;0;0;0;0;0;0;3.39166666666667;0;0;0;0;0;0;0;0;0;0;0;0;0;0;0;0;16.9583333333333;0;0;0;0;0;0;0;0;0;0;0;0;44.0916666666667;0;0;0;0;0;0;0;0;0;0;0;0;0;0;3.39166666666667;10.175;0;0;0;0;0;3.39166666666667;0;10.175;0;0;0;0;0;0;0;0;0;0;0;0;0;0;0;0;0;0;0;0;44.0916666666667;0;0;0;0;0;0;37.3083333333333;6.78333333333333;0;0;0
"54";0;0;0;0;0;0;0;0;0;0;0;6.3781512605042;0;0;6.3781512605042;0;0;6.3781512605042;6.3781512605042;0;0;0;0;0;0;82.9159663865546;0;0;6.3781512605042;51.0252100840336;0;0;0;0;0;0;0;0;0;0;0;0;0;0;0;44.6470588235294;0;0;0;0;0;0;70.1596638655462;0;6.3781512605042;6.3781512605042;0;0;0;0;0;0;0;0;0;0;0;0;0;6.3781512605042;0;0;6.3781512605042;0;0;0;0;0;0;0;0;0;0;0;0;0;0;0;0;0;0;0;6.3781512605042;0;19.1344537815126;0;0;0;0;0;0;0;0;0;6.3781512605042;0;0;6.3781512605042;0;0;0;0;0;0;0;0;0;6.3781512605042;0;0;0;0;0;0;19.1344537815126;0;0;0;0;0;0;0;0;0;0;0;0;57.4033613445378;0;0;0;0;0;0;0;0;0;0;12.7563025210084;0;0;0;0;0;0;0;0;0;0;12.7563025210084;38.2689075630252;108.428571428571;0;0;0;12.7563025210084;0;0;0;0;0;0;0;0;0;0;0;0;44.6470588235294;0;0;0;57.4033613445378;0;0;6.3781512605042;0;0;0;38.2689075630252;0;0;0;0
"55";0;0;0;0;0;0;0;0;0;0;0;0;0;0;7.056;0;0;0;0;0;0;0;0;0;0;49.392;0;0;0;7.056;0;0;0;0;0;0;0;0;0;0;0;0;0;0;0;0;0;0;0;0;0;0;35.28;0;21.168;0;7.056;0;0;0;0;0;0;0;0;0;0;0;0;0;0;7.056;0;0;0;0;0;0;0;0;0;0;0;0;0;0;0;0;0;0;0;0;14.112;0;7.056;105.84;0;0;141.12;0;0;0;0;0;0;0;0;98.784;7.056;0;0;0;0;0;0;0;0;0;0;0;0;0;0;21.168;7.056;0;0;0;0;0;0;0;0;0;0;0;296.352;0;0;0;0;0;0;0;0;7.056;0;0;0;0;0;0;0;0;0;0;0;0;0;0;0;28.224;0;0;0;7.056;0;0;0;0;0;0;0;0;0;0;0;0;0;0;0;0;0;0;0;0;0;0;0;7.056;0;0;0;0
"56";0;0;0;0;0;0;0;0;0;0;0;0;0;0;0;0;0;0;0;0;0;0;0;6.17948717948718;0;123.589743589744;0;0;6.17948717948718;49.4358974358974;0;0;0;0;0;0;0;0;0;0;0;0;0;0;0;0;0;0;0;0;0;0;6.17948717948718;0;24.7179487179487;0;12.3589743589744;0;0;0;0;0;0;0;0;0;0;24.7179487179487;0;0;0;0;6.17948717948718;0;0;0;0;0;0;0;0;0;0;0;0;0;0;0;0;0;0;0;12.3589743589744;0;30.8974358974359;67.974358974359;0;0;86.5128205128205;0;0;0;0;0;0;0;0;18.5384615384615;0;0;0;0;0;0;0;0;0;0;0;0;0;0;0;0;6.17948717948718;0;0;0;0;0;0;0;0;0;0;0;37.0769230769231;6.17948717948718;0;0;0;0;0;0;0;0;0;0;0;0;0;0;0;0;0;0;0;0;0;12.3589743589744;55.6153846153846;43.2564102564103;0;0;0;6.17948717948718;0;0;0;0;0;0;0;0;0;0;0;0;12.3589743589744;0;0;0;55.6153846153846;0;0;0;0;0;0;12.3589743589744;0;0;0;0
"57";7.73949579831933;0;0;0;0;0;0;0;0;0;0;0;0;0;54.1764705882353;0;0;7.73949579831933;0;0;0;0;0;0;0;139.310924369748;0;0;0;0;0;0;0;0;0;0;0;0;0;0;0;0;0;0;0;139.310924369748;0;0;0;0;0;0;46.436974789916;0;15.4789915966387;0;0;0;0;0;0;0;0;0;0;0;0;38.6974789915966;0;0;0;0;15.4789915966387;0;0;0;0;0;0;0;0;0;0;0;0;0;0;0;0;0;0;0;0;0;38.6974789915966;0;0;0;46.436974789916;0;0;0;0;0;0;0;0;0;0;0;0;0;0;0;0;0;0;0;0;0;0;0;0;0;30.9579831932773;0;0;0;0;0;0;0;0;0;0;0;0;15.4789915966387;0;0;0;0;0;0;0;23.218487394958;0;0;0;0;0;0;0;7.73949579831933;0;0;0;0;0;0;7.73949579831933;123.831932773109;0;0;0;61.9159663865546;0;0;0;0;0;0;0;0;0;0;0;0;23.218487394958;0;0;0;23.218487394958;0;0;7.73949579831933;0;0;0;46.436974789916;0;0;0;0
"58";0;0;0;0;0;0;0;0;0;0;0;0;0;0;0;0;0;0;0;0;0;0;0;11.3135593220339;0;30.1694915254237;11.3135593220339;0;0;7.54237288135593;0;0;0;0;0;0;0;0;0;0;0;0;0;0;0;0;0;0;0;0;0;0;0;0;18.8559322033898;0;11.3135593220339;0;0;0;0;0;0;0;0;0;0;0;0;0;0;0;0;0;0;0;0;0;0;0;0;0;0;0;0;0;0;0;0;0;11.3135593220339;0;49.0254237288136;0;3.77118644067797;37.7118644067797;0;0;33.9406779661017;0;0;33.9406779661017;0;0;0;0;0;79.1949152542373;0;0;0;0;0;0;0;0;0;11.3135593220339;0;0;0;0;0;0;0;0;0;0;0;0;0;0;0;0;0;0;90.5084745762712;0;0;0;0;0;0;0;0;0;0;0;0;0;0;0;0;0;0;0;0;0;0;0;0;0;0;0;0;0;0;0;0;0;0;0;0;0;0;0;0;0;0;0;0;0;0;0;0;0;0;0;0;3.77118644067797;0;0;0;0
"59";0;0;0;0;0;0;0;0;0;0;0;0;0;0;0;0;0;0;0;0;0;0;0;0;0;60.5230769230769;0;0;0;17.2923076923077;0;0;0;0;0;0;0;0;0;0;0;0;0;0;0;0;0;0;0;0;0;0;0;0;0;0;0;0;0;0;0;0;0;0;0;0;0;0;34.5846153846154;0;0;0;0;0;0;0;0;0;0;0;0;0;8.64615384615385;0;0;0;0;0;0;0;0;0;8.64615384615385;0;8.64615384615385;25.9384615384615;0;0;8.64615384615385;0;0;121.046153846154;0;0;17.2923076923077;0;0;207.507692307692;0;0;0;0;0;0;0;0;0;17.2923076923077;0;0;0;0;0;0;0;0;0;0;0;0;0;0;0;0;0;0;544.707692307692;0;0;0;0;0;0;0;0;0;0;0;0;0;0;0;0;0;0;0;0;0;0;0;0;0;0;0;0;0;0;0;8.64615384615385;0;0;0;0;0;0;0;0;0;0;0;0;0;34.5846153846154;0;0;0;0;0;0;0;0;0;0;0
"60";0;0;0;0;0;0;0;0;0;0;0;0;0;0;0;0;0;0;0;0;0;0;0;0;0;139.15503875969;0;0;0;9.5968992248062;0;4.7984496124031;0;0;0;0;0;0;0;0;0;0;0;0;0;0;0;0;0;0;0;0;57.5813953488372;0;4.7984496124031;0;9.5968992248062;0;4.7984496124031;0;0;0;0;0;0;0;0;4.7984496124031;23.9922480620155;4.7984496124031;0;0;0;0;0;0;0;0;0;4.7984496124031;0;0;0;0;0;0;0;0;0;0;0;0;0;0;14.3953488372093;14.3953488372093;0;0;0;0;0;52.7829457364341;0;4.7984496124031;9.5968992248062;0;0;52.7829457364341;0;0;0;0;0;0;0;0;0;0;0;0;0;0;0;14.3953488372093;19.1937984496124;0;0;0;0;0;0;0;0;0;0;0;33.5891472868217;9.5968992248062;0;0;0;0;0;4.7984496124031;0;19.1937984496124;0;0;4.7984496124031;0;0;0;0;0;0;19.1937984496124;0;0;4.7984496124031;0;0;9.5968992248062;0;0;0;23.9922480620155;0;0;9.5968992248062;0;0;0;0;0;0;0;0;0;0;0;0;0;19.1937984496124;0;0;0;0;0;0;0;0;0;0;9.5968992248062
"61";0;0;0;0;0;0;0;0;0;0;0;0;0;0;0;0;5.01639344262295;0;0;0;0;0;0;15.0491803278689;0;100.327868852459;0;0;0;5.01639344262295;0;0;0;0;0;0;0;0;0;0;0;0;0;0;0;0;0;0;0;0;0;0;95.3114754098361;0;0;0;0;0;0;0;0;0;0;0;0;0;0;0;0;0;0;0;20.0655737704918;0;0;0;0;0;0;0;0;0;0;0;0;0;0;0;0;0;0;0;0;0;30.0983606557377;0;0;0;0;0;0;0;0;0;10.0327868852459;0;0;15.0491803278689;5.01639344262295;0;0;0;0;0;0;0;0;0;0;0;0;0;0;0;50.1639344262295;0;0;0;0;0;0;0;0;0;0;0;10.0327868852459;0;0;0;0;0;0;5.01639344262295;0;95.3114754098361;0;0;0;0;0;0;0;0;0;15.0491803278689;15.0491803278689;0;0;0;0;0;0;0;0;20.0655737704918;0;5.01639344262295;0;0;0;0;0;0;0;0;0;0;0;0;0;0;95.3114754098361;0;0;0;0;0;0;0;0;0;0;0
"62";0;0;0;0;0;0;0;0;0;0;0;0;5.21538461538462;0;0;0;0;0;0;0;0;0;5.21538461538462;5.21538461538462;0;62.5846153846154;0;0;0;15.6461538461538;0;0;0;0;0;0;0;0;0;0;0;0;0;0;0;0;0;0;0;0;0;0;73.0153846153846;0;0;0;0;5.21538461538462;0;0;0;0;0;0;0;0;0;0;0;0;0;0;0;0;0;0;0;0;0;0;0;0;0;0;0;0;0;0;0;0;0;0;0;0;20.8615384615385;0;0;0;5.21538461538462;0;0;0;0;0;0;0;0;5.21538461538462;0;0;0;0;0;0;0;0;0;0;0;0;0;0;0;5.21538461538462;67.8;0;0;0;0;0;0;0;0;0;0;0;0;5.21538461538462;10.4307692307692;0;10.4307692307692;0;0;0;0;46.9384615384615;0;0;15.6461538461538;0;0;0;10.4307692307692;0;0;26.0769230769231;0;0;26.0769230769231;0;0;26.0769230769231;0;0;0;93.8769230769231;0;26.0769230769231;5.21538461538462;0;0;0;0;0;0;0;0;0;0;0;0;0;52.1538461538462;0;0;10.4307692307692;0;0;26.0769230769231;0;0;0;0;10.4307692307692
"63";0;0;0;0;24;0;0;0;0;0;0;0;6;0;0;0;0;0;0;0;0;0;0;84;0;0;0;0;0;12;0;0;0;0;0;0;0;0;0;0;0;0;6;0;0;24;0;6;0;0;0;0;6;0;0;0;0;0;0;0;0;0;0;0;0;0;0;0;0;0;30;0;0;0;0;0;0;0;0;0;0;0;0;6;0;0;0;0;0;0;0;0;18;0;0;0;0;0;0;0;0;0;0;0;0;0;0;18;36;0;0;0;0;0;0;0;0;0;0;0;0;0;0;0;0;0;0;0;0;0;0;0;0;0;0;84;0;6;0;0;18;0;0;0;0;6;0;0;6;0;0;0;6;0;0;0;0;0;0;48;0;0;0;0;0;174;0;30;78;0;0;0;0;0;0;0;0;0;0;0;0;0;0;0;0;0;0;0;6;0;0;0;0;0
"64";0;0;0;0;30.5040650406504;0;0;0;0;0;0;0;7.6260162601626;0;0;0;0;0;0;0;0;0;0;144.894308943089;0;30.5040650406504;0;0;15.2520325203252;0;15.2520325203252;0;0;0;0;0;0;0;0;0;0;0;0;0;0;15.2520325203252;0;0;0;0;0;0;0;0;7.6260162601626;0;0;0;0;0;0;0;0;0;0;0;0;0;0;0;0;0;0;0;0;0;0;0;0;15.2520325203252;0;0;0;0;0;0;0;0;0;0;0;0;15.2520325203252;0;0;0;0;0;0;0;0;7.6260162601626;0;0;0;0;0;0;91.5121951219512;0;0;0;7.6260162601626;0;0;0;0;0;0;0;0;0;0;0;53.3821138211382;0;0;0;0;0;0;0;0;0;0;38.130081300813;0;0;7.6260162601626;0;22.8780487804878;0;0;0;0;45.7560975609756;0;0;7.6260162601626;0;0;0;30.5040650406504;0;0;15.2520325203252;0;0;0;0;0;0;0;0;0;76.260162601626;0;15.2520325203252;175.39837398374;0;0;0;0;0;0;0;0;0;0;0;0;0;0;0;0;0;0;0;45.7560975609756;0;0;0;0;0
"66";0;0;0;0;0;0;0;0;0;0;0;0;4.921875;0;0;0;0;9.84375;0;0;0;0;0;9.84375;0;0;0;0;0;0;0;0;0;0;0;0;0;0;0;0;0;0;0;0;0;83.671875;0;0;0;0;0;0;0;0;0;0;0;0;0;0;0;0;0;0;0;0;0;0;0;0;0;0;4.921875;0;0;0;0;0;0;0;0;0;0;0;0;0;0;0;0;0;0;0;34.453125;0;0;0;0;0;0;0;0;0;0;0;0;0;0;9.84375;9.84375;0;0;0;4.921875;0;0;0;0;0;0;0;0;0;0;0;0;0;0;0;0;0;0;0;0;0;0;19.6875;0;0;14.765625;0;4.921875;0;0;0;0;14.765625;0;0;9.84375;0;0;0;0;0;0;0;0;0;0;14.765625;0;0;0;0;0;280.546875;0;24.609375;24.609375;0;0;0;0;0;0;0;0;0;0;0;0;0;0;0;0;14.765625;0;0;34.453125;0;0;0;0;0
"67";0;0;0;0;8.32539682539683;0;0;0;0;0;0;0;0;0;0;0;0;0;0;0;0;0;0;99.9047619047619;0;0;0;0;0;0;0;0;0;0;0;0;0;0;0;0;0;0;0;0;0;49.9523809523809;0;0;0;0;0;0;0;0;8.32539682539683;0;0;0;0;0;0;0;0;0;0;0;0;0;0;0;24.9761904761905;0;0;0;0;0;0;0;0;0;0;0;8.32539682539683;0;0;0;0;0;0;0;0;0;124.880952380952;0;0;0;0;0;0;0;0;0;0;0;0;0;0;0;49.9523809523809;0;0;0;8.32539682539683;0;0;0;0;0;0;0;0;0;0;0;0;0;0;0;0;0;0;0;0;0;0;24.9761904761905;0;0;16.6507936507937;0;0;0;0;0;0;41.6269841269841;0;0;16.6507936507937;8.32539682539683;0;0;16.6507936507937;0;0;16.6507936507937;0;0;0;124.880952380952;0;0;0;0;0;357.992063492063;0;8.32539682539683;24.9761904761905;0;0;0;0;0;0;0;0;0;0;0;0;0;0;0;0;0;0;0;8.32539682539683;0;0;0;0;0
"68";0;0;0;0;214.72602739726;0;0;0;0;0;0;0;0;0;0;8.58904109589041;0;0;0;0;0;0;0;274.849315068493;0;8.58904109589041;0;0;0;0;8.58904109589041;0;0;0;0;0;0;0;0;0;0;0;0;0;0;25.7671232876712;0;68.7123287671233;180.369863013699;0;0;0;0;0;0;0;0;0;8.58904109589041;0;0;0;0;0;0;0;0;0;0;0;25.7671232876712;0;0;0;0;0;0;0;0;0;0;0;77.3013698630137;0;0;0;0;0;0;0;0;0;17.1780821917808;0;0;0;0;0;0;0;0;0;0;0;0;0;0;17.1780821917808;94.4794520547945;0;0;0;17.1780821917808;0;0;0;0;0;0;0;0;0;0;0;34.3561643835616;0;0;0;0;0;0;0;0;0;0;137.424657534247;0;0;0;0;68.7123287671233;0;0;137.424657534247;0;42.9452054794521;0;0;34.3561643835616;0;0;0;60.1232876712329;0;0;34.3561643835616;0;0;0;0;0;25.7671232876712;0;0;0;120.246575342466;0;25.7671232876712;34.3561643835616;0;0;0;0;0;0;0;0;0;0;0;0;0;51.5342465753425;0;0;0;0;0;25.7671232876712;0;0;0;0;0
"69";0;0;0;0;42.2088353413655;0;0;0;0;0;0;0;0;0;0;0;0;8.44176706827309;0;0;0;0;0;185.718875502008;0;16.8835341365462;0;0;0;0;8.44176706827309;0;0;0;0;0;0;0;0;0;0;0;0;0;0;135.068273092369;0;16.8835341365462;50.6506024096386;0;0;0;0;0;0;0;0;0;0;0;0;0;0;0;0;0;0;0;0;0;135.068273092369;0;0;0;0;0;0;0;0;0;0;0;59.0923694779116;0;0;0;0;0;0;0;0;0;303.903614457831;0;0;0;0;0;0;0;0;0;0;0;0;0;0;16.8835341365462;59.0923694779116;0;0;0;8.44176706827309;0;0;0;0;0;0;0;0;0;0;8.44176706827309;8.44176706827309;0;0;0;0;0;0;0;0;0;0;211.044176706827;0;0;8.44176706827309;0;135.068273092369;0;0;8.44176706827309;0;59.0923694779116;0;0;16.8835341365462;8.44176706827309;0;0;33.7670682730924;0;0;8.44176706827309;0;0;0;0;0;0;0;0;0;396.763052208835;0;101.301204819277;16.8835341365462;0;0;0;0;0;0;0;0;0;0;0;0;0;16.8835341365462;0;8.44176706827309;0;0;0;8.44176706827309;0;0;0;0;0
"70";0;0;0;0;125.242553191489;0;0;0;0;0;0;0;9.63404255319149;0;0;0;0;0;0;0;0;0;0;289.021276595745;0;9.63404255319149;0;0;9.63404255319149;0;9.63404255319149;0;0;0;9.63404255319149;0;0;0;0;0;0;0;0;0;0;57.8042553191489;0;9.63404255319149;57.8042553191489;0;0;0;0;0;19.268085106383;0;0;0;0;0;0;0;0;0;0;0;0;9.63404255319149;0;0;57.8042553191489;0;0;0;0;0;0;0;0;0;0;0;19.268085106383;0;0;0;0;0;0;0;0;0;105.974468085106;0;0;0;0;0;0;0;0;9.63404255319149;0;0;0;0;0;38.536170212766;250.485106382979;0;0;0;9.63404255319149;0;0;0;0;0;0;0;0;0;0;0;28.9021276595745;0;0;0;0;0;0;0;0;0;0;77.0723404255319;0;0;0;0;134.876595744681;0;0;9.63404255319149;0;57.8042553191489;0;0;28.9021276595745;28.9021276595745;19.268085106383;0;28.9021276595745;0;0;19.268085106383;9.63404255319149;0;0;19.268085106383;0;0;0;0;0;356.459574468085;0;48.1702127659574;192.68085106383;0;0;0;0;0;0;0;0;0;0;0;0;0;9.63404255319149;0;0;0;0;0;86.7063829787234;0;0;0;0;0
"71";0;0;0;0;33.0327868852459;0;6.60655737704918;0;0;0;0;0;6.60655737704918;0;0;0;0;0;0;0;0;0;0;13.2131147540984;0;33.0327868852459;0;0;0;0;33.0327868852459;0;0;0;0;0;0;0;0;0;0;0;0;0;0;39.6393442622951;0;46.2459016393443;79.2786885245902;0;0;0;0;0;0;0;0;0;6.60655737704918;0;0;0;0;0;0;0;0;0;0;0;13.2131147540984;0;0;0;0;0;0;0;0;0;0;0;26.4262295081967;0;0;0;0;0;0;0;0;0;6.60655737704918;0;6.60655737704918;0;0;0;0;0;0;0;0;0;0;0;6.60655737704918;0;26.4262295081967;0;6.60655737704918;0;26.4262295081967;6.60655737704918;0;0;0;0;0;0;0;0;0;6.60655737704918;26.4262295081967;0;0;0;0;0;0;0;0;0;0;46.2459016393443;0;0;33.0327868852459;0;0;0;0;6.60655737704918;0;6.60655737704918;0;0;6.60655737704918;19.8196721311475;0;0;6.60655737704918;0;0;19.8196721311475;0;0;0;0;0;6.60655737704918;0;0;0;72.672131147541;0;39.6393442622951;26.4262295081967;0;6.60655737704918;0;0;0;0;0;0;0;0;0;0;0;33.0327868852459;0;0;0;0;0;19.8196721311475;0;0;0;0;0
"72";0;0;0;0;2.10204081632653;0;0;0;0;0;0;0;0;0;0;0;0;0;0;0;0;0;0;3.1530612244898;1.05102040816327;0;0;0;2.10204081632653;0;0;0;0;0;0;0;0;0;0;0;0;0;0;0;0;3.1530612244898;0;0;0;0;0;0;0;0;1.05102040816327;0;0;0;0;0;0;2.10204081632653;0;3.1530612244898;6.30612244897959;0;0;0;0;0;0;0;7.35714285714286;0;0;0;0;0;0;1.05102040816327;0;0;0;0;0;0;0;0;0;0;0;0;3.1530612244898;0;0;0;0;0;0;0;0;0;0;0;0;0;0;0;4.20408163265306;0;0;0;0;0;0;0;0;0;0;0;0;0;0;0;0;0;0;0;0;0;0;0;0;0;0;11.5612244897959;0;0;0;0;1.05102040816327;0;0;0;0;0;0;0;0;0;0;0;1.05102040816327;0;0;0;0;0;0;23.1224489795918;0;0;0;0;0;17.8673469387755;0;1.05102040816327;5.25510204081633;0;0;0;0;0;0;0;0;0;2.10204081632653;0;0;0;0;0;0;0;0;0;0;0;0;0;0;0
"73";0;0;0;0;36.2166064981949;0;0;0;0;0;0;0;18.1083032490975;0;0;0;0;0;0;0;0;0;0;280.678700361011;0;0;0;0;18.1083032490975;0;18.1083032490975;0;0;0;0;9.05415162454874;0;0;0;0;0;0;0;0;0;18.1083032490975;0;0;90.5415162454874;0;0;0;0;0;9.05415162454874;0;0;0;0;0;0;0;0;9.05415162454874;0;0;0;0;0;0;36.2166064981949;0;9.05415162454874;0;0;0;0;0;0;18.1083032490975;0;0;36.2166064981949;0;0;0;0;0;0;0;0;0;280.678700361011;0;0;9.05415162454874;0;0;0;0;0;0;0;0;0;0;0;54.3249097472924;135.812274368231;0;0;0;18.1083032490975;0;0;0;0;0;0;0;0;0;0;0;54.3249097472924;0;0;0;0;0;0;0;0;0;0;217.29963898917;0;0;9.05415162454874;0;181.083032490975;0;0;0;0;45.2707581227437;0;0;18.1083032490975;18.1083032490975;0;0;63.3790613718412;0;0;18.1083032490975;0;9.05415162454874;0;117.703971119134;0;0;0;0;0;117.703971119134;0;36.2166064981949;443.653429602888;0;0;0;0;0;0;0;0;0;0;0;0;0;36.2166064981949;0;0;0;0;0;18.1083032490975;0;0;0;0;0
"74";0;0;0;0;4.73770491803279;0;0;0;0;0;0;0;0;0;0;0;0;0;0;0;0;0;0;9.47540983606557;4.73770491803279;0;0;0;4.73770491803279;4.73770491803279;0;0;0;0;0;0;0;0;0;0;0;0;0;0;0;18.9508196721311;0;4.73770491803279;9.47540983606557;0;0;0;0;0;0;0;0;0;0;0;0;9.47540983606557;0;0;0;0;0;0;0;0;4.73770491803279;0;37.9016393442623;0;0;0;0;4.73770491803279;0;0;0;0;4.73770491803279;0;0;0;0;0;0;0;0;0;33.1639344262295;0;0;0;0;0;0;0;0;0;4.73770491803279;0;0;0;0;0;0;0;0;0;4.73770491803279;0;0;0;0;0;0;0;0;0;0;0;0;0;0;0;0;0;0;0;0;0;0;127.918032786885;0;0;9.47540983606557;0;0;0;0;4.73770491803279;0;0;0;0;0;14.2131147540984;0;0;0;0;0;0;0;0;0;28.4262295081967;0;0;0;0;0;161.081967213115;4.73770491803279;4.73770491803279;28.4262295081967;0;0;0;0;0;0;0;0;0;23.6885245901639;0;0;0;0;0;0;0;0;0;0;4.73770491803279;0;0;0;0
"75";0;0;0;5.19607843137255;1.03921568627451;0;0;0;0;0;0;9.35294117647059;0;0;0;0;0;22.8627450980392;0;0;0;1.03921568627451;0;2.07843137254902;0;0;1.03921568627451;0;0;10.3921568627451;1.03921568627451;0;0;0;0;0;0;0;0;0;0;0;0;0;0;0;0;0;0;0;0;0;0;0;0;0;0;0;0;0;1.03921568627451;0;1.03921568627451;0;0;0;0;0;0;0;0;0;0;0;0;0;1.03921568627451;0;0;1.03921568627451;0;0;1.03921568627451;0;0;0;0;0;0;0;0;0;1.03921568627451;0;0;0;9.35294117647059;29.0980392156863;0;7.27450980392157;0;0;0;0;0;0;0;1.03921568627451;1.03921568627451;0;0;0;0;0;0;0;0;0;0;0;0;0;0;0;0;0;0;0;0;0;0;0;0;0;0;0;1.03921568627451;1.03921568627451;0;0;0;0;0;0;0;0;0;0;0;0;0;0;0;0;0;0;0;0;0;0;0;1.03921568627451;0;0;0;1.03921568627451;0;0;4.15686274509804;0;0;0;0;0;0;0;0;2.07843137254902;32.2156862745098;0;0;0;0;0;0;2.07843137254902;0;0;0;6.23529411764706;0;0;0;0
"76";0;0;0;0;0;0;0;0;0;0;0;0;0;0;0;0;0;0;0;0;0;0;0;0;0;0;0;0;0;53.5353535353535;0;0;0;0;0;0;0;0;0;0;0;0;0;0;0;0;0;0;0;0;0;0;0;0;0;0;0;0;0;0;0;0;0;0;0;0;0;0;0;0;0;0;2.02020202020202;0;0;0;0;0;0;0;0;0;0;0;0;0;0;0;0;0;0;0;0;0;0;0;3.03030303030303;0;0;5.05050505050505;0;0;0;0;0;0;0;0;0;0;0;0;0;0;0;0;0;0;0;0;0;0;0;0;0;0;0;0;0;0;0;0;0;0;0;0;0;3.03030303030303;0;0;0;0;0;0;0;0;0;0;0;0;0;0;0;0;0;0;0;0;0;0;0;0;0;0;0;1.01010101010101;0;0;0;0;0;0;0;0;0;4.04040404040404;0;18.1818181818182;10.1010101010101;0;0;0;0;0;0;0;0;0;0;0;0;0;0;0
"77";0;0;0;0;0;0;0;0;0;0;0;0;0;0;0;0;0;2.26732673267327;0;0;0;6.8019801980198;0;4.53465346534653;0;24.9405940594059;0;0;0;15.8712871287129;0;0;0;0;0;0;0;0;0;0;0;0;0;0;0;0;0;0;0;0;0;2.26732673267327;0;0;0;0;0;0;0;0;0;0;0;0;0;0;0;0;0;0;0;0;4.53465346534653;0;0;0;15.8712871287129;0;0;0;0;0;2.26732673267327;0;0;0;0;0;0;0;0;0;0;0;0;0;92.960396039604;13.6039603960396;0;0;0;0;0;0;0;0;0;0;0;0;0;0;0;0;0;0;0;0;0;0;0;0;0;0;0;0;0;0;0;0;0;0;0;0;0;0;2.26732673267327;4.53465346534653;0;0;0;0;0;0;0;0;0;0;0;0;0;0;0;0;0;0;0;0;0;0;0;0;0;0;0;0;0;0;0;0;0;0;0;0;0;2.26732673267327;0;20.4059405940594;0;0;0;0;0;0;0;4.53465346534653;0;0;2.26732673267327;6.8019801980198;0;0;0;0
"78";0;0;0;0;0;0;0;0;0;0;0;0;0;0;0;0;0;0;5.62857142857143;0;0;0;0;11.2571428571429;0;118.2;0;0;0;168.857142857143;0;0;0;0;0;0;0;0;0;0;0;0;0;0;0;28.1428571428571;0;0;0;0;0;0;0;0;0;0;0;0;0;0;0;0;0;0;0;0;0;0;0;0;0;0;0;0;0;0;5.62857142857143;0;0;0;0;0;0;0;0;0;0;0;0;0;0;0;0;0;0;0;0;5.62857142857143;0;0;0;0;0;0;0;0;0;11.2571428571429;0;0;0;0;0;0;0;0;0;0;0;0;0;0;0;0;0;0;0;0;0;0;0;0;0;0;0;0;5.62857142857143;135.085714285714;0;0;0;0;0;0;0;0;0;0;0;0;0;0;0;0;0;0;0;0;0;0;0;28.1428571428571;0;0;0;11.2571428571429;0;0;0;0;0;0;0;0;0;22.5142857142857;0;0;0;0;0;0;0;0;0;16.8857142857143;0;0;0;16.8857142857143;0;0;0;0
"79";0;0;0;0;0;0;0;0;0;0;0;0;0;0;0;0;0;0;2.3921568627451;0;0;0;0;7.17647058823529;0;102.862745098039;4.7843137254902;0;0;9.56862745098039;0;0;0;0;0;0;0;0;0;0;0;0;0;0;0;0;0;0;0;0;0;0;0;0;0;0;0;0;0;0;0;0;0;0;0;0;0;0;0;0;0;0;0;0;0;4.7843137254902;14.3529411764706;0;0;0;0;0;0;0;0;0;0;0;0;0;0;0;23.921568627451;0;0;2.3921568627451;23.921568627451;7.17647058823529;0;0;0;0;0;0;0;0;0;0;0;0;0;0;0;0;0;0;0;0;0;0;0;0;0;0;0;0;0;0;0;0;0;0;0;0;0;0;2.3921568627451;4.7843137254902;0;0;0;0;0;0;0;0;0;0;0;0;0;0;0;0;0;0;0;0;0;0;0;0;0;0;0;0;0;0;0;0;0;0;0;0;7.17647058823529;19.1372549019608;0;2.3921568627451;0;0;0;0;0;0;0;0;0;0;0;4.7843137254902;0;0;0;0
"80";0;0;0;0;0;0;0;0;0;0;0;0;0;0;0;0;0;0;0;0;0;0;0;0;0;7.45714285714286;0;0;0;59.6571428571429;0;0;0;0;0;0;0;0;0;0;0;0;0;0;0;0;0;0;0;0;0;0;0;0;0;0;0;0;0;0;0;0;0;0;0;0;0;0;0;0;0;0;0;0;0;0;14.9142857142857;0;0;0;0;0;0;0;0;0;0;0;0;0;0;0;0;0;0;7.45714285714286;149.142857142857;4.97142857142857;0;0;0;0;0;0;0;0;0;0;0;0;0;0;0;0;0;0;0;0;0;0;0;0;0;0;0;0;0;0;0;0;0;0;0;0;0;0;0;0;0;0;0;0;0;0;0;0;0;0;0;0;0;0;0;0;0;0;0;0;0;0;0;0;0;0;0;0;0;0;0;0;0;0;0;0;14.9142857142857;0;0;2.48571428571429;0;0;0;0;0;0;0;0;0;0;0;0;0;0;0;0
"81";0;0;0;6.4622641509434;0;0;0;0;0;0;0;0;0;0;0;0;0;0;0;0;0;0;0;12.9245283018868;0;38.7735849056604;0;0;0;161.556603773585;0;0;0;0;0;0;0;0;0;0;0;0;0;0;0;0;0;0;0;0;0;0;0;0;0;0;0;0;0;0;0;0;0;0;0;0;0;0;0;0;0;0;12.9245283018868;0;0;0;0;0;0;0;0;0;0;0;0;0;0;0;0;0;0;0;0;0;6.4622641509434;0;6.4622641509434;12.9245283018868;0;0;0;0;0;0;0;0;0;0;0;0;0;0;0;0;0;0;0;0;0;0;0;0;0;0;0;0;0;0;0;0;0;0;0;0;0;0;0;19.3867924528302;0;0;0;0;0;0;0;0;0;0;0;0;0;0;0;0;0;0;0;0;0;0;0;0;0;0;0;148.632075471698;0;0;0;71.0849056603774;0;0;0;0;0;0;0;0;6.4622641509434;0;0;0;0;0;0;135.707547169811;0;0;0;45.2358490566038;0;0;0;0
"82";0;0;0;61.7524752475247;0;0;0;0;0;0;0;0;0;0;26.4653465346535;0;0;0;0;0;17.6435643564356;0;0;35.2871287128713;0;8.82178217821782;0;0;0;35.2871287128713;0;0;0;0;0;0;0;0;0;0;0;0;0;0;0;158.792079207921;0;0;0;0;0;0;0;0;0;0;0;0;0;0;8.82178217821782;0;0;0;0;0;0;0;0;0;0;0;0;0;0;0;0;0;0;0;0;0;0;0;0;0;0;0;0;0;0;0;0;0;26.4653465346535;0;0;0;0;0;0;8.82178217821782;0;0;0;0;0;0;0;0;0;0;0;0;0;0;0;0;0;0;0;0;0;0;0;0;0;0;0;0;0;0;0;0;0;0;0;52.9306930693069;0;0;0;0;0;0;0;0;0;0;0;0;0;0;0;0;0;0;0;0;0;0;0;114.683168316832;0;0;0;0;0;0;0;0;0;0;0;0;0;0;0;0;0;0;0;0;0;0;0;149.970297029703;0;0;0;185.257425742574;0;0;0;0
"83";0;0;0;79.4716981132076;0;0;0;0;0;0;0;0;0;0;0;0;0;0;0;0;0;0;0;9.93396226415094;0;29.8018867924528;0;0;0;0;0;0;0;0;0;0;0;0;0;0;0;0;0;0;0;337.754716981132;0;0;0;0;0;0;0;0;0;9.93396226415094;0;0;0;0;0;0;0;0;0;0;0;0;0;0;0;0;0;0;0;0;0;0;0;0;0;0;0;0;0;0;0;0;0;0;0;0;0;0;39.7358490566038;0;0;0;0;0;0;0;0;0;0;0;0;0;0;0;0;0;0;0;9.93396226415094;0;0;0;0;0;0;0;0;9.93396226415094;0;0;0;0;0;0;0;0;0;0;0;0;0;119.207547169811;0;0;0;0;0;0;0;0;0;0;0;0;0;0;0;0;0;0;0;0;0;0;0;228.481132075472;0;0;0;0;0;0;0;0;9.93396226415094;0;0;0;0;0;0;0;0;0;0;0;0;0;0;109.27358490566;0;0;0;59.6037735849057;0;0;0;0
"84";0;0;0;0;0;0;0;0;0;0;0;0;0;0;0;0;0;10.5272727272727;0;0;0;0;0;0;0;315.818181818182;0;0;0;42.1090909090909;0;0;0;0;0;0;10.5272727272727;0;0;0;0;0;0;0;0;157.909090909091;0;0;0;0;0;0;0;0;0;0;0;0;0;0;0;0;0;0;0;0;0;0;0;0;0;0;10.5272727272727;0;0;0;0;0;0;0;0;0;0;0;0;0;0;0;0;0;0;0;0;0;0;0;10.5272727272727;0;0;0;0;0;0;0;0;0;0;0;0;0;0;0;0;0;0;0;0;0;0;0;0;0;0;0;0;0;0;0;0;0;0;0;0;0;0;0;0;147.381818181818;0;0;0;0;0;0;0;0;0;0;0;0;0;0;0;0;0;0;0;0;0;0;0;21.0545454545455;0;0;0;21.0545454545455;0;0;0;10.5272727272727;0;0;0;0;0;0;0;0;0;0;0;0;0;0;0;400.036363636364;0;0;0;0;0;0;0;0
"85";0;0;0;0;0;0;0;0;0;0;0;0;0;0;6.73267326732673;0;0;10.0990099009901;0;0;0;0;0;0;0;23.5643564356436;3.36633663366337;0;0;0;0;0;0;0;0;0;3.36633663366337;0;0;0;0;0;0;0;0;16.8316831683168;0;0;0;0;0;0;0;0;0;3.36633663366337;0;0;0;0;0;0;0;0;0;0;0;0;0;0;0;0;0;0;0;0;0;0;0;0;0;0;0;0;0;0;0;0;0;0;0;10.0990099009901;0;0;84.1584158415842;0;3.36633663366337;0;0;0;0;0;0;0;0;0;0;0;0;0;0;0;0;0;0;0;0;0;0;0;0;0;0;0;0;0;0;0;0;0;0;0;0;0;0;0;0;40.3960396039604;0;0;0;0;0;0;0;6.73267326732673;0;0;0;0;0;0;0;0;0;0;0;0;0;0;0;0;0;0;0;0;0;3.36633663366337;0;3.36633663366337;3.36633663366337;0;0;0;0;0;0;0;0;0;0;0;0;0;0;114.455445544554;0;0;0;3.36633663366337;0;0;0;0
"86";0;0;0;72.3495145631068;0;0;0;0;0;0;0;0;0;0;0;0;0;0;0;0;0;0;0;18.0873786407767;0;0;0;0;0;108.52427184466;0;18.0873786407767;0;0;0;18.0873786407767;36.1747572815534;0;0;0;0;0;0;0;0;36.1747572815534;0;0;0;0;0;0;0;0;18.0873786407767;0;0;0;0;0;36.1747572815534;0;0;0;0;0;0;0;0;0;0;0;180.873786407767;54.2621359223301;0;0;0;0;0;0;0;0;0;0;0;0;0;0;0;0;0;0;0;0;0;0;0;0;0;0;0;0;0;0;0;0;0;0;0;0;0;0;0;0;0;0;0;0;0;0;0;0;0;0;0;0;0;0;0;0;0;0;0;0;0;0;54.2621359223301;0;0;0;0;0;0;0;0;0;0;0;0;0;0;0;0;0;0;0;0;0;0;0;0;126.611650485437;0;0;0;126.611650485437;0;18.0873786407767;0;36.1747572815534;0;0;0;0;0;72.3495145631068;0;0;343.660194174757;0;0;0;0;0;0;452.184466019417;0;0;0;36.1747572815534;0;0;0;0
"87";0;0;0;20.6538461538462;0;0;0;0;0;0;0;0;0;0;0;0;0;0;0;0;0;0;0;0;0;20.6538461538462;0;0;0;20.6538461538462;0;0;0;0;0;0;0;0;0;0;0;0;0;0;0;309.807692307692;0;0;0;0;0;0;0;0;20.6538461538462;30.9807692307692;0;0;0;0;0;51.6346153846154;0;0;0;0;0;0;0;0;0;0;0;0;0;0;0;0;0;0;0;0;0;0;0;0;0;0;0;0;0;0;0;0;30.9807692307692;0;0;0;0;0;0;0;0;0;0;0;0;0;0;0;0;0;0;0;41.3076923076923;0;0;0;0;0;0;0;0;0;0;0;0;0;0;0;0;0;0;0;0;0;20.6538461538462;103.269230769231;0;0;0;0;0;0;0;10.3269230769231;0;0;0;0;0;10.3269230769231;0;0;0;0;0;0;0;0;0;216.865384615385;0;0;0;10.3269230769231;0;0;0;0;41.3076923076923;0;0;0;0;0;0;0;30.9807692307692;0;0;0;10.3269230769231;0;0;0;20.6538461538462;0;0;51.6346153846154;0;0;0;0
"88";0;0;0;15.7777777777778;0;0;0;0;0;0;0;0;0;0;47.3333333333333;0;0;3.94444444444444;0;0;0;0;0;0;0;11.8333333333333;0;0;0;3.94444444444444;0;15.7777777777778;0;0;0;0;0;0;0;0;0;0;0;0;0;157.777777777778;0;0;0;0;0;0;0;0;3.94444444444444;7.88888888888889;0;0;0;0;0;3.94444444444444;0;0;0;0;0;0;0;0;0;0;0;0;0;0;0;0;0;0;0;0;0;0;0;0;0;0;0;0;0;0;0;0;0;0;0;3.94444444444444;0;0;0;0;0;0;0;0;0;0;0;0;0;0;0;0;7.88888888888889;7.88888888888889;0;0;0;0;0;0;0;0;0;0;0;0;0;0;0;0;0;0;0;0;7.88888888888889;15.7777777777778;0;0;0;0;0;0;0;3.94444444444444;0;0;0;0;0;0;0;0;3.94444444444444;0;0;0;0;0;0;67.0555555555556;0;0;0;0;0;0;0;0;0;0;0;0;0;0;0;0;0;0;0;0;0;0;0;19.7222222222222;3.94444444444444;0;0;11.8333333333333;0;0;0;0
"89";0;0;0;0;0;0;0;0;0;0;0;0;0;0;0;0;0;0;0;0;0;0;0;98;0;84;0;7;21;140;0;0;0;0;0;0;0;0;0;0;0;0;0;0;0;28;0;0;0;0;0;0;42;0;7;21;0;0;0;0;7;21;0;0;0;0;0;0;0;0;0;0;49;21;0;0;0;0;0;0;0;0;0;0;0;0;0;0;0;0;0;0;0;0;0;0;0;0;0;0;0;0;0;0;0;0;0;7;0;0;0;0;0;0;0;7;0;0;0;0;0;0;0;0;0;0;0;0;0;0;0;0;0;0;0;0;28;0;0;0;0;0;0;0;0;7;0;0;0;0;0;0;0;0;14;0;0;0;0;0;0;14;0;0;0;42;0;0;0;7;0;0;0;0;0;7;0;0;49;0;0;0;0;0;0;0;0;0;0;7;0;0;0;0
"90";0;9;0;0;0;0;0;0;0;0;0;0;0;0;0;0;0;9;0;0;0;0;0;0;0;0;0;0;0;18;0;9;0;0;0;0;0;0;0;0;0;0;0;0;0;45;0;0;0;0;0;18;0;0;0;36;0;0;0;0;0;27;0;0;0;9;0;0;0;0;0;0;0;0;0;0;0;0;9;0;0;0;0;0;0;0;0;0;0;0;0;0;0;0;0;0;0;0;18;0;0;0;0;0;0;0;0;9;0;0;0;0;0;0;9;36;0;27;0;0;0;0;0;0;180;0;0;0;0;0;0;0;0;0;0;0;0;0;0;0;0;0;0;0;0;0;0;0;0;0;9;0;0;0;0;0;0;0;0;0;0;90;0;0;0;0;0;0;0;0;9;0;0;0;0;0;0;0;9;0;0;0;135;0;0;0;0;0;0;180;18;0;0;0
"91";0;0;0;0;0;0;0;0;0;0;0;0;0;0;0;0;0;0;0;0;0;0;0;0;0;47.3148148148148;0;0;28.3888888888889;18.9259259259259;0;9.46296296296296;0;9.46296296296296;0;0;0;0;0;0;0;0;0;0;0;0;0;0;0;0;9.46296296296296;0;0;0;18.9259259259259;0;9.46296296296296;0;0;0;0;0;0;0;0;0;0;0;9.46296296296296;0;0;0;0;0;0;0;0;0;0;0;0;18.9259259259259;0;0;0;0;0;28.3888888888889;0;0;0;0;94.6296296296296;0;0;0;0;0;160.87037037037;0;0;0;0;0;0;0;0;37.8518518518519;0;0;0;0;0;0;0;0;0;0;0;0;0;0;0;0;0;0;0;0;0;0;0;0;0;0;0;0;264.962962962963;0;0;0;0;0;0;0;0;0;0;0;0;0;0;0;0;0;9.46296296296296;0;0;0;246.037037037037;0;0;0;0;0;0;0;0;0;0;0;0;0;0;0;0;0;0;0;0;0;0;0;0;0;0;0;0;0;0;0;0;0;0;0
"92";0;0;0;0;0;0;0;0;0;0;0;0;0;0;0;0;0;15.3333333333333;30.6666666666667;0;0;0;0;15.3333333333333;0;61.3333333333333;0;0;15.3333333333333;30.6666666666667;0;122.666666666667;0;15.3333333333333;0;0;0;0;0;0;0;0;0;0;0;138;0;0;0;0;0;0;168.666666666667;0;46;15.3333333333333;0;0;0;0;0;61.3333333333333;0;0;0;0;0;0;0;0;0;0;0;0;0;0;92;0;0;0;0;15.3333333333333;0;0;0;0;0;0;0;0;0;0;0;0;0;46;0;15.3333333333333;46;0;0;0;0;0;0;0;0;0;0;0;0;15.3333333333333;0;0;15.3333333333333;0;0;0;0;15.3333333333333;0;0;0;0;30.6666666666667;0;0;0;0;0;0;0;0;0;0;0;15.3333333333333;15.3333333333333;0;0;0;0;0;0;0;0;0;0;15.3333333333333;0;0;0;0;0;0;0;0;0;107.333333333333;92;0;92;0;0;0;0;0;0;0;0;0;0;0;0;15.3333333333333;0;0;0;15.3333333333333;0;0;0;30.6666666666667;0;0;0;0;0;0;138;0;0;0;0
"93";0;0;0;0;0;0;0;0;0;0;0;0;0;0;0;0;0;0;0;0;0;0;0;0;0;18.4271844660194;0;0;0;36.8543689320388;0;9.21359223300971;0;0;0;0;0;0;0;0;0;0;0;0;0;0;0;0;0;0;0;0;0;0;73.7087378640777;0;9.21359223300971;0;0;0;0;0;0;0;0;0;0;0;0;0;0;0;0;0;0;0;0;0;0;0;0;9.21359223300971;0;0;0;0;0;0;0;0;0;0;119.776699029126;0;0;0;0;0;36.8543689320388;0;0;0;0;0;0;0;0;165.844660194175;0;0;0;0;9.21359223300971;0;0;18.4271844660194;0;0;0;0;0;0;0;119.776699029126;0;0;0;0;0;0;0;0;0;0;0;0;0;0;0;101.349514563107;0;0;0;0;0;0;0;9.21359223300971;9.21359223300971;0;0;0;0;0;110.563106796117;0;0;0;9.21359223300971;9.21359223300971;0;0;0;0;0;0;0;0;0;0;0;0;0;0;0;0;0;0;0;0;0;0;18.4271844660194;0;0;0;0;0;0;55.2815533980583;0;0;0;0
"94";0;0;0;0;0;0;0;0;11.0275229357798;0;0;0;0;0;0;0;0;0;0;0;0;0;0;55.1376146788991;0;253.633027522936;0;0;22.0550458715596;22.0550458715596;0;11.0275229357798;0;0;0;0;0;0;0;0;0;0;0;0;0;0;0;0;0;0;0;0;22.0550458715596;0;55.1376146788991;0;0;0;0;0;0;0;0;0;0;0;0;0;0;0;0;0;0;0;0;0;0;0;0;0;0;0;0;0;0;0;0;0;0;0;0;0;33.0825688073394;0;22.0550458715596;0;0;0;121.302752293578;0;0;0;0;0;0;0;0;209.522935779817;0;0;0;0;0;0;0;0;0;0;0;0;0;0;0;0;0;0;0;0;0;0;0;0;0;0;0;0;11.0275229357798;0;0;44.1100917431193;0;0;0;0;0;11.0275229357798;0;0;0;0;0;0;0;0;88.2201834862385;0;0;0;0;0;0;44.1100917431193;0;0;0;0;0;0;0;0;0;0;0;0;0;0;0;0;0;0;0;0;0;0;0;11.0275229357798;0;0;0;154.385321100917;0;0;0;0
"95";0;0;0;11.302752293578;0;0;0;0;0;0;0;0;0;0;0;0;0;11.302752293578;0;0;0;0;0;0;0;214.752293577982;0;0;0;0;0;0;0;0;0;0;0;0;0;0;0;0;0;0;0;146.935779816514;0;0;0;0;0;0;158.238532110092;0;11.302752293578;0;0;0;0;0;11.302752293578;56.5137614678899;0;0;0;0;0;0;0;0;0;0;0;56.5137614678899;0;0;0;0;0;0;0;0;0;0;0;0;0;0;0;0;0;0;0;0;11.302752293578;0;0;0;0;0;0;0;0;0;0;0;0;0;0;0;0;0;0;0;0;0;0;0;0;0;0;0;0;0;0;0;0;0;0;0;0;0;0;0;0;0;0;67.8165137614679;0;0;0;0;0;0;0;79.1192660550459;0;0;11.302752293578;0;0;0;0;0;11.302752293578;0;0;0;11.302752293578;0;0;0;0;0;0;22.605504587156;282.56880733945;0;11.302752293578;0;0;0;0;0;0;0;0;0;0;0;0;0;0;0;0;0;0;0;0;45.2110091743119;0;0;0;0
"96";0;0;0;0;0;0;0;0;0;0;0;0;0;0;0;0;0;0;0;0;0;0;0;0;0;78.7572815533981;19.6893203883495;0;0;19.6893203883495;0;39.378640776699;0;0;0;0;0;0;0;0;0;0;0;0;0;0;0;0;0;0;0;0;0;0;19.6893203883495;0;0;0;0;0;0;0;0;0;0;0;0;0;216.582524271845;0;0;39.378640776699;0;0;0;0;19.6893203883495;0;0;0;0;255.961165048544;0;0;0;0;0;19.6893203883495;0;0;0;0;157.514563106796;0;0;19.6893203883495;0;0;39.378640776699;0;0;0;137.825242718447;0;0;0;0;393.78640776699;0;0;0;0;0;0;0;0;0;59.0679611650485;0;0;0;0;0;19.6893203883495;0;0;0;0;0;0;0;0;0;0;0;0;0;0;0;59.0679611650485;0;0;0;0;0;0;0;0;39.378640776699;0;0;0;0;0;315.029126213592;0;0;0;0;0;0;0;0;0;0;0;0;0;0;0;0;0;0;0;0;0;0;0;0;59.0679611650485;0;0;0;0;0;0;0;0;0;0;0;0;0;0
"97";0;0;0;0;0;0;0;0;0;0;0;0;0;50.1454545454545;0;0;0;0;0;0;0;0;0;0;0;50.1454545454545;0;0;0;12.5363636363636;0;0;0;0;0;0;0;0;0;0;0;0;0;0;0;0;0;0;0;0;0;0;213.118181818182;0;12.5363636363636;0;0;0;0;0;0;12.5363636363636;0;0;12.5363636363636;0;0;0;62.6818181818182;0;0;12.5363636363636;0;12.5363636363636;0;0;0;0;0;0;0;87.7545454545455;0;0;0;0;0;0;0;0;0;0;0;0;75.2181818181818;12.5363636363636;0;0;25.0727272727273;0;0;0;0;112.827272727273;12.5363636363636;0;0;50.1454545454545;87.7545454545455;0;0;0;0;0;0;0;0;0;12.5363636363636;0;0;0;0;0;25.0727272727273;0;0;0;0;0;0;0;0;0;50.1454545454545;0;12.5363636363636;0;0;0;0;0;0;0;0;37.6090909090909;0;0;0;0;0;0;0;0;12.5363636363636;0;0;0;0;0;0;0;0;0;0;12.5363636363636;0;0;25.0727272727273;0;0;0;0;0;0;0;0;0;0;175.509090909091;100.290909090909;0;0;0;0;0;0;0;0;0;0;0;0;0
"98";0;0;0;17.6388888888889;0;0;0;0;0;0;0;0;0;0;0;0;0;0;0;0;0;0;0;17.6388888888889;0;17.6388888888889;0;0;123.472222222222;0;0;0;0;0;0;0;17.6388888888889;0;0;0;0;0;0;0;0;0;0;0;0;0;0;0;740.833333333333;0;0;0;0;0;0;0;0;17.6388888888889;0;0;0;0;0;17.6388888888889;0;0;0;0;0;123.472222222222;0;0;0;0;0;0;0;0;0;0;0;0;0;0;0;0;0;0;0;0;35.2777777777778;0;0;0;0;0;0;0;0;0;17.6388888888889;0;0;35.2777777777778;35.2777777777778;0;0;0;0;0;0;17.6388888888889;0;0;0;0;0;0;0;17.6388888888889;17.6388888888889;0;0;0;0;0;0;0;0;0;0;0;0;0;0;0;0;0;0;0;0;88.1944444444444;0;0;17.6388888888889;0;0;0;0;0;0;35.2777777777778;0;0;0;0;17.6388888888889;0;0;0;0;0;158.75;0;246.944444444444;0;0;0;0;0;0;0;0;0;0;0;0;0;52.9166666666667;0;0;0;0;0;17.6388888888889;0;0;0;0;0
"99";0;11.8396226415094;0;0;0;0;0;0;0;0;0;0;0;0;0;0;0;11.8396226415094;0;0;0;0;0;0;0;71.0377358490566;0;0;11.8396226415094;11.8396226415094;0;23.6792452830189;0;0;0;0;0;0;0;0;0;0;0;0;0;0;0;0;0;0;0;0;142.075471698113;0;35.5188679245283;0;0;0;0;0;0;0;0;0;11.8396226415094;0;0;0;0;0;0;0;0;47.3584905660377;0;0;0;0;0;0;0;0;0;0;0;0;0;0;0;0;0;0;0;0;47.3584905660377;0;0;0;23.6792452830189;0;0;0;0;0;0;0;0;35.5188679245283;23.6792452830189;35.5188679245283;0;0;0;0;0;0;0;11.8396226415094;0;0;0;0;0;0;23.6792452830189;0;0;0;0;0;0;0;0;0;0;0;0;0;0;0;35.5188679245283;0;0;0;0;35.5188679245283;23.6792452830189;0;0;11.8396226415094;0;0;0;0;11.8396226415094;11.8396226415094;0;11.8396226415094;0;0;47.3584905660377;0;0;0;0;11.8396226415094;118.396226415094;71.0377358490566;118.396226415094;0;0;0;0;0;0;0;0;0;23.6792452830189;0;0;11.8396226415094;35.5188679245283;0;0;71.0377358490566;0;0;23.6792452830189;0;0;0;0;0
"100";0;0;0;0;31.5185185185185;0;0;0;0;0;0;0;0;0;0;0;0;15.7592592592593;0;0;0;0;0;63.037037037037;0;47.2777777777778;0;0;0;15.7592592592593;0;0;0;0;0;0;0;0;0;0;0;0;0;0;0;0;0;0;15.7592592592593;0;0;0;15.7592592592593;0;15.7592592592593;0;0;0;0;0;0;0;0;0;0;0;0;0;0;0;31.5185185185185;0;31.5185185185185;63.037037037037;0;0;0;0;15.7592592592593;0;0;0;0;0;0;0;0;0;0;15.7592592592593;0;0;0;0;0;0;0;0;0;0;0;0;0;0;0;0;0;15.7592592592593;15.7592592592593;15.7592592592593;0;0;0;0;0;0;0;0;0;0;0;0;0;0;47.2777777777778;0;0;0;0;0;0;0;0;0;0;31.5185185185185;0;0;0;0;0;0;0;0;0;15.7592592592593;0;0;0;0;0;0;0;0;0;0;0;31.5185185185185;0;0;0;0;0;0;0;0;504.296296296296;47.2777777777778;409.740740740741;0;0;0;0;0;0;0;0;0;0;0;0;0;0;0;0;15.7592592592593;0;15.7592592592593;157.592592592593;0;0;0;0;0
"101";0;0;7.75;0;15.5;0;0;0;0;0;0;0;0;0;0;0;0;7.75;0;0;0;0;0;62;0;31;0;0;15.5;0;0;7.75;0;0;0;0;0;0;0;0;0;0;0;0;0;0;0;0;0;0;0;0;0;0;15.5;0;0;0;0;0;0;0;0;0;0;0;0;0;0;0;7.75;0;0;0;0;0;0;0;0;0;0;0;0;0;0;0;0;0;0;0;0;0;0;0;7.75;0;0;0;0;0;0;0;0;0;0;0;0;0;38.75;0;0;0;0;0;0;0;0;0;0;0;0;0;0;0;15.5;0;0;0;0;0;0;0;0;0;0;38.75;0;0;0;0;31;0;0;7.75;0;23.25;0;0;0;0;0;0;0;0;0;7.75;0;0;0;23.25;0;0;0;0;0;0;100.75;38.75;271.25;0;0;0;0;0;0;0;0;0;0;0;0;0;15.5;0;0;0;0;0;46.5;0;0;0;0;0
"102";0;0;0;0;209.962264150943;0;0;0;0;0;0;0;0;0;0;0;0;0;0;0;0;0;0;157.471698113208;0;0;0;0;131.22641509434;0;0;26.2452830188679;0;0;0;0;0;0;0;0;0;0;0;0;0;0;0;0;0;0;0;0;0;0;26.2452830188679;0;0;0;0;0;0;0;0;0;0;0;0;0;0;0;26.2452830188679;0;0;26.2452830188679;0;0;0;0;0;0;0;0;0;0;0;0;0;0;0;0;0;0;131.22641509434;0;0;0;0;0;0;0;0;0;0;0;0;0;0;0;52.4905660377358;0;0;0;0;0;0;0;0;0;0;0;0;0;0;0;26.2452830188679;0;0;0;0;0;0;0;0;0;0;157.471698113208;0;0;0;0;131.22641509434;0;0;0;0;26.2452830188679;0;0;0;26.2452830188679;26.2452830188679;0;0;0;0;0;0;26.2452830188679;26.2452830188679;52.4905660377358;0;0;0;0;0;0;157.471698113208;78.7358490566038;1181.03773584906;0;0;0;0;0;0;0;0;0;0;0;0;0;0;0;0;0;0;0;78.7358490566038;0;0;0;0;0
"103";0;0;0;0;40.9514563106796;0;0;0;0;0;0;0;0;0;0;0;0;0;0;0;0;0;0;163.805825242718;0;0;0;0;0;0;0;40.9514563106796;0;0;0;0;0;0;0;0;0;0;0;0;0;0;0;0;0;0;0;0;0;0;0;0;0;0;0;0;0;0;0;0;0;0;0;0;0;0;0;0;0;0;0;0;0;0;0;0;0;0;0;0;0;0;0;0;0;0;0;0;61.4271844660194;0;0;0;0;0;0;0;0;0;0;0;0;0;0;0;61.4271844660194;0;0;0;20.4757281553398;0;0;0;0;0;0;0;0;0;0;0;40.9514563106796;0;0;0;0;0;0;0;0;0;0;81.9029126213592;0;0;0;0;0;0;0;20.4757281553398;0;20.4757281553398;0;0;0;20.4757281553398;0;0;0;0;0;0;0;0;0;163.805825242718;0;0;0;0;0;0;429.990291262136;20.4757281553398;819.029126213592;0;0;0;0;0;0;0;0;0;20.4757281553398;0;0;0;0;0;0;0;0;0;81.9029126213592;0;0;0;0;0
"104";0;0;0;0;99.3738317757009;0;0;0;0;0;0;0;0;0;0;0;0;0;0;0;0;0;0;70.981308411215;0;0;0;0;70.981308411215;14.196261682243;0;0;0;0;0;0;0;0;0;0;0;0;0;0;0;0;0;0;0;0;0;0;0;0;0;0;0;0;0;0;0;0;0;0;0;0;0;0;0;0;0;0;0;0;0;0;0;0;0;14.196261682243;0;0;28.392523364486;0;0;0;0;0;0;0;0;0;14.196261682243;0;0;0;0;14.196261682243;0;0;0;0;0;0;0;0;0;56.785046728972;14.196261682243;0;0;0;14.196261682243;0;0;0;0;0;0;0;0;0;0;0;56.785046728972;0;0;0;0;0;0;0;0;0;0;127.766355140187;0;0;0;0;14.196261682243;14.196261682243;14.196261682243;0;0;56.785046728972;0;0;0;0;0;0;0;0;14.196261682243;0;0;14.196261682243;0;42.588785046729;0;0;0;0;0;0;99.3738317757009;127.766355140187;468.476635514019;0;0;0;0;0;0;0;0;0;0;0;0;0;0;0;0;0;0;0;56.785046728972;0;0;0;0;0
"105";0;0;0;4.54901960784314;4.54901960784314;0;0;0;0;0;0;0;0;0;0;0;0;4.54901960784314;4.54901960784314;9.09803921568627;0;0;0;9.09803921568627;0;9.09803921568627;0;4.54901960784314;4.54901960784314;0;0;9.09803921568627;0;0;0;0;0;0;0;0;0;0;0;0;0;0;0;4.54901960784314;9.09803921568627;0;0;0;4.54901960784314;0;0;0;0;0;0;0;4.54901960784314;36.3921568627451;0;0;0;0;0;0;0;0;4.54901960784314;0;9.09803921568627;4.54901960784314;0;0;0;0;0;13.6470588235294;0;0;4.54901960784314;0;0;0;0;0;0;0;0;4.54901960784314;4.54901960784314;0;0;0;0;0;0;0;0;0;0;0;0;0;0;0;9.09803921568627;0;0;0;0;0;0;0;0;0;0;0;0;0;0;0;54.5882352941176;0;0;0;0;0;0;0;0;0;0;4.54901960784314;0;4.54901960784314;0;0;9.09803921568627;0;0;4.54901960784314;0;0;0;0;0;9.09803921568627;0;4.54901960784314;0;0;0;4.54901960784314;0;0;0;9.09803921568627;0;0;0;0;0;4.54901960784314;81.8823529411765;4.54901960784314;68.2352941176471;0;0;0;0;0;0;0;0;0;0;0;0;0;9.09803921568627;0;0;0;0;0;9.09803921568627;4.54901960784314;0;0;0;0
"106";0;0;0;0;0;0;0;0;0;0;0;0;0;0;0;0;0;0;0;22.7289719626168;0;0;0;386.392523364486;0;0;0;0;22.7289719626168;0;0;0;0;0;0;0;0;0;0;0;0;0;0;0;0;0;0;0;22.7289719626168;0;0;0;0;0;0;0;0;0;0;0;0;0;0;0;0;0;0;0;0;0;22.7289719626168;0;45.4579439252336;22.7289719626168;0;0;0;0;0;0;0;0;0;0;0;0;0;0;0;0;0;0;295.476635514019;0;0;0;0;0;0;0;0;0;0;0;0;0;0;0;90.9158878504673;0;0;45.4579439252336;0;0;0;0;0;0;0;0;0;0;0;0;0;0;0;0;0;0;0;0;0;0;0;113.644859813084;0;0;0;0;45.4579439252336;0;0;0;0;0;0;0;0;22.7289719626168;0;0;0;0;0;22.7289719626168;0;0;0;227.289719626168;0;0;0;0;0;22.7289719626168;386.392523364486;0;522.766355140187;0;0;0;0;0;0;0;0;0;0;0;0;0;22.7289719626168;0;0;0;0;0;45.4579439252336;0;0;22.7289719626168;0;0
"109";0;0;0;0;34.4299065420561;0;0;0;0;0;0;0;34.4299065420561;0;0;0;0;0;0;0;0;0;0;34.4299065420561;0;0;0;0;17.214953271028;0;17.214953271028;0;0;17.214953271028;0;0;0;0;0;0;17.214953271028;0;0;0;0;0;0;17.214953271028;17.214953271028;0;0;0;0;0;0;0;0;0;0;0;0;0;0;0;0;0;17.214953271028;0;0;0;68.8598130841121;0;0;17.214953271028;0;0;0;0;0;0;0;0;34.4299065420561;0;0;0;0;0;0;0;0;0;223.794392523364;0;0;0;0;0;0;0;0;0;0;0;0;0;0;0;34.4299065420561;0;0;0;51.6448598130841;0;0;0;0;0;0;0;0;0;0;0;17.214953271028;0;0;0;0;0;0;0;0;0;0;395.943925233645;0;17.214953271028;17.214953271028;0;0;0;0;0;0;17.214953271028;0;0;0;0;0;0;0;0;0;0;0;0;0;120.504672897196;0;0;0;0;0;0;189.364485981308;51.6448598130841;258.224299065421;34.4299065420561;0;0;0;0;0;0;0;0;0;0;0;0;0;0;0;0;17.214953271028;0;51.6448598130841;0;0;0;0;0
"110";0;0;0;0;0;0;0;0;0;0;0;0;0;0;0;0;0;0;0;0;0;0;0;81.5686274509804;0;0;0;0;0;0;0;0;0;40.7843137254902;0;0;0;0;0;0;0;0;0;0;0;0;0;0;183.529411764706;0;20.3921568627451;0;0;0;20.3921568627451;0;0;0;0;0;0;20.3921568627451;0;0;20.3921568627451;0;40.7843137254902;0;0;0;40.7843137254902;0;0;20.3921568627451;0;0;0;0;0;0;0;0;20.3921568627451;0;0;0;0;0;0;20.3921568627451;0;0;224.313725490196;0;0;0;0;0;0;0;0;0;40.7843137254902;0;0;0;0;0;142.745098039216;0;0;0;0;0;0;0;0;0;0;0;0;0;0;0;20.3921568627451;0;0;0;0;0;0;0;0;0;0;61.1764705882353;0;0;0;0;81.5686274509804;0;0;0;0;40.7843137254902;0;0;0;81.5686274509804;0;0;0;0;0;0;0;40.7843137254902;0;163.137254901961;0;0;0;0;0;0;81.5686274509804;20.3921568627451;469.019607843137;0;0;0;0;0;0;0;0;0;0;0;0;0;40.7843137254902;0;0;0;0;0;20.3921568627451;0;0;0;20.3921568627451;0
"111";0;0;0;0;59.3981481481481;0;0;0;0;0;0;0;0;0;0;11.8796296296296;0;0;0;0;0;0;0;11.8796296296296;0;0;0;0;0;0;0;0;0;0;0;0;0;0;0;0;0;0;0;0;0;0;0;11.8796296296296;11.8796296296296;0;0;0;0;0;11.8796296296296;0;0;0;11.8796296296296;0;0;0;0;0;0;0;0;0;0;0;0;0;0;47.5185185185185;0;0;11.8796296296296;0;0;0;0;0;11.8796296296296;0;0;0;0;0;0;0;0;0;166.314814814815;0;0;0;0;0;0;0;0;0;11.8796296296296;0;0;0;0;11.8796296296296;59.3981481481481;0;0;0;11.8796296296296;0;0;0;0;0;0;0;0;0;11.8796296296296;11.8796296296296;0;0;0;0;0;0;0;0;0;0;0;213.833333333333;0;0;11.8796296296296;0;35.6388888888889;0;0;0;0;23.7592592592593;0;0;0;0;0;0;0;0;0;0;0;11.8796296296296;0;118.796296296296;0;0;0;0;0;0;106.916666666667;11.8796296296296;178.194444444444;0;0;0;0;0;0;0;0;0;0;0;0;0;23.7592592592593;0;0;0;0;11.8796296296296;47.5185185185185;0;0;0;0;0
"112";0;0;0;0;0;1.04761904761905;0;0;0;0;0;0;0;0;0;0;0;0;0;0;0;0;0;3.14285714285714;0;0;0;0;0;10.4761904761905;0;0;0;0;0;0;0;0;0;0;0;0;0;0;0;0;0;0;0;0;0;0;0;0;0;0;0;0;0;0;0;0;0;0;0;0;0;0;1.04761904761905;0;0;0;0;0;0;0;0;0;0;0;0;0;0;0;0;0;0;0;0;0;0;0;0;0;0;0;2.0952380952381;0;0;0;0;0;0;0;0;0;0;0;0;0;0;0;0;0;0;0;0;1.04761904761905;0;0;0;0;0;0;0;0;0;0;0;0;0;0;0;0;0;0;0;0;0;0;0;0;0;0;0;0;0;0;0;0;0;0;0;0;1.04761904761905;0;0;0;0;0;0;1.04761904761905;0;0;0;0;0;0;0;0;0;0;0;0;0;0;0;0;0;0;0;0;0;0;0;0;0;0;0;1.04761904761905;0;0;0;0
"113";0;0;0;0;1.45360824742268;0;0;0;0;0;0;0;0;0;0;0;0;0;2.90721649484536;0;0;0;0;1.45360824742268;0;0;0;0;0;8.72164948453608;1.45360824742268;0;0;0;0;0;0;0;0;0;0;0;0;0;0;0;0;0;0;0;0;0;0;0;0;0;0;0;0;0;0;0;0;0;0;0;0;0;0;0;0;0;0;0;0;0;0;0;0;1.45360824742268;8.72164948453608;0;0;0;0;0;0;0;0;0;0;0;0;0;0;0;0;0;13.0824742268041;0;0;0;0;0;0;0;0;18.8969072164948;0;0;0;0;0;0;0;0;0;0;0;0;0;0;0;0;0;0;0;0;0;0;0;0;0;0;0;0;1.45360824742268;1.45360824742268;0;0;0;0;0;0;0;0;0;0;0;0;0;0;0;0;1.45360824742268;0;0;0;0;0;0;0;0;0;0;0;0;0;0;0;0;0;1.45360824742268;20.3505154639175;17.4432989690722;1.45360824742268;0;8.72164948453608;27.6185567010309;0;0;0;0;0;0;1.45360824742268;0;0;0;0;0;0;0;0
"114";0;0;0;0;0;0;0;0;0;0;0;0;0;0;0;0;0;0;7.1743119266055;0;0;0;0;0;0;21.5229357798165;0;0;0;17.9357798165138;0;0;0;0;0;0;0;0;0;0;0;0;0;0;0;0;0;0;0;0;0;0;0;0;0;0;0;0;0;0;0;0;0;0;0;0;0;0;0;0;0;0;0;3.58715596330275;0;0;251.100917431193;0;0;0;0;0;0;3.58715596330275;0;0;0;0;0;0;0;0;0;0;0;3.58715596330275;25.1100917431193;7.1743119266055;3.58715596330275;0;14.348623853211;0;0;0;0;0;0;0;0;0;0;0;0;0;0;0;0;0;0;0;0;0;0;0;0;0;0;0;0;0;0;0;0;0;0;0;17.9357798165138;0;0;0;0;0;0;0;0;0;0;0;0;0;0;0;0;0;0;0;0;0;0;0;0;0;0;0;0;0;0;0;0;0;0;0;0;0;0;3.58715596330275;0;7.1743119266055;0;0;0;0;0;0;0;0;0;0;0;3.58715596330275;0;0;0;0
"115";0;0;0;0;0;0;0;0;0;0;0;0;0;0;0;0;0;0;20.4220183486239;0;0;0;0;35.0091743119266;0;14.5871559633028;0;0;0;81.6880733944954;0;0;0;0;0;0;0;0;0;0;0;0;0;0;0;8.75229357798165;0;0;0;0;0;0;0;0;0;0;0;0;0;0;0;0;0;0;0;0;0;0;0;0;0;0;0;5.8348623853211;0;0;0;0;0;0;0;0;0;0;0;0;0;0;0;0;0;0;0;0;5.8348623853211;0;0;2.91743119266055;0;0;0;0;0;0;0;0;0;0;0;0;0;0;0;0;0;0;0;0;0;0;0;0;0;0;0;0;0;0;0;0;0;0;0;0;0;0;2.91743119266055;64.1834862385321;0;0;0;0;0;0;0;0;0;0;0;0;0;0;0;0;0;0;0;0;0;5.8348623853211;14.5871559633028;5.8348623853211;0;0;0;0;17.5045871559633;0;0;0;0;0;0;0;2.91743119266055;5.8348623853211;0;0;23.3394495412844;0;0;0;0;0;0;0;0;0;0;0;0;0;0;0
"116";0;0;0;0;0;0;0;0;0;0;0;0;0;0;0;0;0;0;0;0;0;0;0;11.9619047619048;0;86.7238095238095;0;0;0;53.8285714285714;0;0;0;0;0;0;0;0;0;0;0;0;0;0;0;0;0;0;0;0;0;0;0;0;0;0;0;0;0;0;0;0;0;0;0;0;0;0;0;0;0;0;0;0;0;0;5.98095238095238;0;0;0;0;0;0;0;0;0;0;2.99047619047619;0;0;0;0;29.9047619047619;0;0;0;56.8190476190476;11.9619047619048;0;0;0;0;0;0;0;0;0;0;0;0;0;0;0;0;0;0;0;0;0;0;0;0;0;0;0;0;0;0;0;0;0;0;0;0;0;0;0;5.98095238095238;0;0;0;0;0;0;0;0;0;0;0;0;0;0;0;0;0;0;0;0;0;0;0;0;0;0;0;2.99047619047619;0;0;0;0;0;0;0;0;17.9428571428571;23.9238095238095;0;0;0;0;0;0;0;0;0;2.99047619047619;0;0;0;0;0;0;0;0
"117";0;0;0;0;0;0;0;0;0;0;0;0;0;0;0;0;0;0;0;0;0;0;0;0;0;24.9705882352941;0;0;0;16.6470588235294;0;0;0;0;0;0;0;0;0;0;0;0;0;0;0;0;0;0;0;0;0;0;0;0;0;0;0;0;0;0;0;2.77450980392157;0;0;0;0;0;0;0;0;0;0;0;0;0;0;41.6176470588235;0;0;0;0;0;0;0;0;0;0;0;0;0;0;0;0;0;0;0;138.725490196078;8.32352941176471;2.77450980392157;0;5.54901960784314;0;0;0;0;0;0;2.77450980392157;0;0;0;0;0;0;0;0;0;0;0;0;0;0;0;0;0;0;0;5.54901960784314;0;0;0;2.77450980392157;0;2.77450980392157;0;0;5.54901960784314;0;0;0;0;0;0;0;0;0;0;0;0;0;0;0;0;0;0;0;0;0;0;2.77450980392157;0;2.77450980392157;0;0;0;2.77450980392157;0;0;0;0;0;0;0;0;2.77450980392157;8.32352941176471;0;0;0;0;0;0;0;0;0;0;0;0;0;2.77450980392157;0;0;0;0
"118";0;0;0;0;0;0;0;0;0;0;0;0;0;0;0;0;0;0;0;0;0;0;0;0;0;57.3846153846154;0;0;0;803.384615384615;0;0;0;0;0;0;43.0384615384615;0;0;0;0;0;0;0;0;0;0;0;0;0;0;0;0;0;0;0;0;0;0;0;0;0;0;0;0;0;0;0;0;0;0;0;0;14.3461538461538;0;0;0;0;0;0;0;0;0;0;0;0;0;0;0;0;0;0;0;0;0;0;0;0;14.3461538461538;0;0;0;0;0;0;0;0;43.0384615384615;0;0;0;0;0;0;0;0;0;0;0;0;0;0;0;0;0;0;0;0;0;0;0;0;0;0;0;0;28.6923076923077;43.0384615384615;0;0;0;0;0;0;0;0;0;0;0;0;0;0;0;0;0;0;0;0;0;0;0;0;0;0;0;172.153846153846;0;0;0;28.6923076923077;0;0;0;0;0;0;0;0;129.115384615385;0;0;0;14.3461538461538;0;0;100.423076923077;0;0;0;0;0;0;0;0
"119";0;0;0;35.7714285714286;0;0;0;0;0;0;0;11.9238095238095;0;0;0;0;0;0;155.009523809524;0;0;0;0;0;0;23.847619047619;0;0;0;59.6190476190476;23.847619047619;0;0;0;0;0;0;0;0;0;0;0;0;23.847619047619;0;107.314285714286;0;0;0;0;0;0;0;0;0;0;0;0;0;0;0;0;0;0;0;0;0;0;0;0;0;0;0;0;0;0;0;0;0;0;0;0;0;0;0;0;0;0;0;0;0;0;0;0;0;0;0;0;11.9238095238095;0;0;0;0;0;0;0;0;0;0;0;0;0;0;0;0;0;0;0;0;0;0;0;0;0;11.9238095238095;0;0;0;0;0;0;0;0;0;0;0;0;107.314285714286;0;0;0;0;0;0;0;0;0;0;0;0;0;0;0;0;0;0;0;0;0;0;0;166.933333333333;0;0;0;0;0;0;0;0;0;23.847619047619;0;0;0;0;0;0;47.6952380952381;0;0;0;23.847619047619;0;0;71.5428571428571;0;0;11.9238095238095;333.866666666667;0;0;0;0
"120";0;0;0;199.368932038835;0;0;0;0;0;0;0;0;0;0;0;0;0;0;26.5825242718447;0;0;0;0;0;0;0;0;0;0;0;0;0;0;0;0;0;0;0;0;0;0;0;0;13.2912621359223;0;239.242718446602;0;0;0;0;0;0;0;0;0;26.5825242718447;0;0;0;0;0;53.1650485436893;0;0;0;0;0;0;0;0;0;0;0;0;0;0;0;0;0;0;0;0;0;0;0;0;0;0;0;0;0;0;0;0;0;0;0;0;79.747572815534;0;0;0;0;0;0;0;0;0;0;0;0;0;0;0;39.873786407767;0;0;0;0;0;0;0;0;0;39.873786407767;0;0;0;0;0;0;0;0;0;0;0;0;79.747572815534;0;0;0;0;0;0;0;0;0;0;0;0;0;0;0;0;0;0;0;0;0;0;0;186.077669902913;0;0;0;0;0;0;0;0;0;0;0;0;0;13.2912621359223;0;0;39.873786407767;0;0;0;66.4563106796116;0;0;106.330097087379;0;0;0;159.495145631068;0;0;0;0
"121";0;0;0;0;0;0;0;0;0;0;0;0;0;0;0;0;0;0;0;0;0;0;0;23.8348623853211;0;95.3394495412844;0;0;0;230.403669724771;0;0;0;0;0;0;0;0;0;0;0;0;0;0;0;127.119266055046;0;0;0;0;0;0;0;0;0;0;0;0;0;0;0;0;0;0;0;0;0;0;0;0;0;0;0;0;0;0;0;0;0;0;0;0;0;0;0;0;0;0;0;0;0;0;0;0;0;0;0;0;0;0;0;0;0;0;0;0;0;7.94495412844037;0;0;0;0;0;0;7.94495412844037;0;0;0;0;0;0;0;0;0;0;0;0;0;0;0;0;0;0;0;0;0;7.94495412844037;39.7247706422018;0;0;0;0;0;0;0;0;0;0;0;0;0;0;0;0;0;0;0;0;0;0;0;39.7247706422018;0;0;0;15.8899082568807;0;0;0;0;0;0;0;0;0;0;0;0;71.5045871559633;0;0;0;23.8348623853211;0;0;150.954128440367;0;0;0;23.8348623853211;0;0;0;0
"122";0;0;0;0;0;0;0;0;0;0;0;0;0;0;0;0;0;0;5.22641509433962;0;0;0;0;5.22641509433962;0;20.9056603773585;0;0;0;104.528301886792;0;5.22641509433962;0;0;0;0;5.22641509433962;0;0;0;0;0;0;0;0;5.22641509433962;0;0;0;0;0;0;0;0;0;0;0;0;0;0;0;0;0;0;0;0;0;0;0;0;0;0;0;0;0;0;5.22641509433962;0;0;0;0;0;0;10.4528301886792;0;0;0;0;0;0;0;0;0;0;10.4528301886792;0;0;0;5.22641509433962;0;5.22641509433962;0;0;0;0;0;0;10.4528301886792;0;0;0;0;5.22641509433962;0;0;5.22641509433962;0;0;0;0;0;0;0;0;10.4528301886792;0;0;0;0;0;0;0;0;0;0;0;5.22641509433962;31.3584905660377;0;0;0;0;0;0;0;5.22641509433962;0;0;0;0;0;0;0;0;0;0;0;0;0;5.22641509433962;0;5.22641509433962;0;0;0;10.4528301886792;5.22641509433962;0;0;0;0;0;0;0;0;5.22641509433962;0;0;0;0;0;0;219.509433962264;0;0;20.9056603773585;0;0;0;20.9056603773585;0;0;0;0
"123";0;0;0;20.0560747663551;0;0;0;0;0;0;0;0;0;0;0;0;0;0;0;0;0;0;0;0;0;40.1121495327103;0;0;0;0;0;0;0;0;0;0;110.308411214953;0;0;0;0;0;0;0;0;40.1121495327103;0;0;0;0;0;0;0;0;0;0;0;0;0;0;0;0;0;0;0;0;0;0;0;0;0;0;10.0280373831776;60.1682242990654;0;0;0;0;0;0;0;0;0;0;0;0;0;0;0;0;0;0;0;0;0;0;0;0;0;0;0;0;0;0;0;0;0;0;0;0;0;0;0;0;30.0841121495327;0;0;0;0;0;0;0;0;0;20.0560747663551;0;0;0;0;0;0;0;0;0;0;0;0;50.1401869158879;0;0;0;0;0;0;0;0;0;0;0;0;0;0;0;0;20.0560747663551;0;0;0;0;0;0;140.392523364486;0;0;0;0;0;0;0;0;0;0;0;0;0;10.0280373831776;0;0;220.616822429907;0;0;0;150.420560747664;0;0;140.392523364486;0;0;0;10.0280373831776;0;0;0;0
"124";0;0;0;43.7943925233645;0;0;0;0;0;0;0;14.5981308411215;0;0;72.9906542056075;0;0;0;87.588785046729;0;0;0;0;0;0;58.392523364486;0;0;0;0;0;14.5981308411215;0;0;0;0;0;0;0;0;0;0;0;0;0;364.953271028037;0;0;0;0;0;0;0;0;0;0;0;0;0;0;14.5981308411215;116.785046728972;0;0;0;0;0;0;0;0;0;0;0;0;0;0;0;0;0;0;0;0;0;14.5981308411215;0;0;0;0;0;0;0;0;0;0;14.5981308411215;0;0;0;175.177570093458;0;0;0;0;0;0;0;0;0;0;0;0;0;0;0;0;0;0;0;0;0;0;0;0;0;29.196261682243;0;0;0;0;0;0;0;0;0;0;0;0;160.579439252336;0;0;0;0;0;0;0;0;0;0;0;0;0;0;0;0;0;0;0;0;0;0;0;131.383177570093;0;0;0;0;0;0;0;0;0;43.7943925233645;0;0;0;0;0;0;0;0;0;0;102.18691588785;0;0;14.5981308411215;0;0;0;87.588785046729;0;0;0;0
"125";0;0;0;0;0;0;0;0;0;0;0;0;0;0;53.9439252336449;0;0;0;188.803738317757;0;0;0;0;0;0;80.9158878504673;0;0;0;26.9719626168224;0;0;0;0;0;0;0;0;0;0;0;0;0;0;0;161.831775700935;0;0;0;0;0;0;0;0;13.4859813084112;0;0;0;0;0;0;26.9719626168224;0;0;0;0;0;0;0;0;0;0;0;0;0;0;0;0;0;0;0;0;0;0;0;0;0;0;0;0;0;13.4859813084112;0;0;13.4859813084112;0;0;13.4859813084112;26.9719626168224;0;0;0;0;0;0;0;0;67.4299065420561;0;0;0;0;0;0;26.9719626168224;0;0;0;0;0;0;0;0;0;107.88785046729;40.4579439252336;0;0;0;0;0;0;0;0;0;0;0;26.9719626168224;0;0;0;0;0;0;0;0;0;0;0;0;0;0;0;0;0;0;0;0;0;0;0;296.691588785047;0;0;0;0;0;0;0;0;0;13.4859813084112;0;0;0;0;0;0;26.9719626168224;0;0;0;121.373831775701;0;0;0;0;0;0;94.4018691588785;0;0;0;0
"126";0;0;0;0;0;0;0;0;0;0;0;0;0;0;8.66336633663366;51.980198019802;0;0;0;0;0;0;0;173.267326732673;0;86.6336633663366;0;0;0;155.940594059406;0;0;0;0;0;0;17.3267326732673;0;0;0;0;0;0;0;0;25.990099009901;0;0;0;0;0;0;0;0;0;17.3267326732673;0;0;0;0;0;0;0;0;0;0;0;0;0;0;0;0;0;0;0;0;0;0;0;0;0;0;0;25.990099009901;0;0;0;0;0;0;0;0;0;0;0;0;0;0;0;0;0;0;0;0;0;0;0;8.66336633663366;17.3267326732673;77.970297029703;0;0;0;0;0;0;0;0;0;0;0;0;0;0;17.3267326732673;0;0;0;0;0;0;0;0;0;0;0;0;8.66336633663366;0;0;0;0;0;0;0;8.66336633663366;0;0;0;0;0;0;0;0;17.3267326732673;0;0;0;0;0;0;17.3267326732673;0;0;0;0;0;0;0;0;0;0;0;0;0;60.6435643564356;0;0;17.3267326732673;0;0;0;43.3168316831683;0;0;0;0;0;0;17.3267326732673;0;0;0;0
"127";0;0;0;0;0;0;0;0;0;0;0;0;0;0;8.93137254901961;0;0;0;26.7941176470588;0;0;0;0;0;0;0;0;0;0;17.8627450980392;0;17.8627450980392;0;0;0;0;0;0;0;0;0;0;0;0;0;133.970588235294;0;0;0;0;0;8.93137254901961;0;0;0;44.656862745098;0;0;0;0;0;8.93137254901961;0;0;0;0;0;0;0;0;0;0;0;8.93137254901961;0;0;0;0;0;8.93137254901961;0;0;0;0;0;8.93137254901961;0;8.93137254901961;17.8627450980392;0;0;0;0;0;0;0;0;8.93137254901961;17.8627450980392;0;0;0;0;0;0;0;0;8.93137254901961;0;0;0;0;0;0;0;8.93137254901961;0;26.7941176470588;0;0;8.93137254901961;0;0;0;276.872549019608;35.7254901960784;0;0;0;0;0;0;0;0;0;0;0;26.7941176470588;0;0;0;0;0;0;0;0;0;0;0;0;0;0;0;0;0;0;0;0;0;0;0;35.7254901960784;0;0;0;0;0;0;0;0;0;35.7254901960784;0;0;0;0;0;0;0;0;0;0;8.93137254901961;0;0;0;0;0;0;89.3137254901961;0;0;0;0
"128";0;0;0;0;9.78378378378378;0;0;0;0;0;0;0;0;0;0;0;0;0;0;0;0;0;0;0;0;9.78378378378378;19.5675675675676;0;19.5675675675676;0;0;0;0;0;0;0;0;0;0;0;0;0;0;0;0;0;0;0;0;0;0;0;0;0;117.405405405405;0;78.2702702702703;0;0;0;0;0;0;0;0;0;0;0;0;0;0;0;0;0;0;0;0;0;0;0;0;0;0;0;0;0;0;0;0;0;0;0;136.972972972973;0;9.78378378378378;39.1351351351351;0;0;0;0;0;0;0;0;0;0;0;264.162162162162;0;0;0;0;0;0;0;0;0;19.5675675675676;117.405405405405;0;0;0;0;0;0;19.5675675675676;0;0;0;0;0;0;0;0;0;0;127.189189189189;0;0;0;0;0;0;0;0;0;0;0;0;0;0;0;0;0;0;0;0;0;0;0;0;0;0;0;0;0;0;0;0;0;0;0;0;0;0;0;0;0;39.1351351351351;39.1351351351351;0;0;0;0;0;0;0;0;0;19.5675675675676;0;0;0;0
"129";0;0;0;0;0;0;0;0;0;0;0;19.3962264150943;0;0;38.7924528301887;0;0;38.7924528301887;135.77358490566;0;0;0;0;0;0;96.9811320754717;0;0;0;0;0;0;0;0;0;0;0;0;0;0;0;0;0;0;0;290.943396226415;0;0;0;0;0;0;0;0;0;58.188679245283;38.7924528301887;0;0;0;0;38.7924528301887;0;0;0;0;0;0;0;0;0;0;0;0;0;0;19.3962264150943;0;0;0;0;0;0;0;0;0;0;0;0;0;0;0;0;0;193.962264150943;0;0;0;58.188679245283;0;0;0;0;0;0;77.5849056603774;0;193.962264150943;0;0;0;0;0;0;0;0;0;38.7924528301887;0;0;0;0;0;0;116.377358490566;58.188679245283;0;0;0;0;0;0;0;0;0;0;0;38.7924528301887;0;0;0;0;0;0;0;0;0;0;38.7924528301887;0;19.3962264150943;0;0;0;0;0;0;0;0;0;19.3962264150943;271.547169811321;0;0;0;0;0;0;0;0;0;19.3962264150943;0;0;0;0;0;0;58.188679245283;0;0;0;19.3962264150943;0;0;0;0;0;0;58.188679245283;0;0;0;0
"130";0;0;0;0;0;0;0;0;0;0;0;0;0;0;0;0;0;0;0;0;0;0;0;0;0;0;0;0;0;0;0;0;0;0;0;0;0;0;0;0;0;0;0;0;0;0;0;0;0;0;0;0;0;0;93.8804347826087;0;0;0;0;0;0;0;0;0;0;0;0;0;156.467391304348;0;0;0;0;0;0;0;0;0;0;0;0;0;0;0;0;0;0;0;0;0;0;0;344.228260869565;0;62.5869565217391;0;0;0;0;0;0;0;0;0;0;0;0;125.173913043478;31.2934782608696;0;0;0;0;0;0;0;0;31.2934782608696;31.2934782608696;0;0;0;0;813.630434782609;0;31.2934782608696;0;0;0;0;0;0;0;0;0;0;156.467391304348;0;0;0;0;0;0;0;0;0;0;0;0;0;0;0;0;0;970.097826086957;0;0;0;0;0;0;0;0;0;0;0;0;0;0;0;0;0;0;0;0;0;0;0;31.2934782608696;0;0;0;0;0;0;0;0;0;0;0;0;0;0;0
"131";0;0;0;0;0;0;0;0;0;0;0;0;0;0;0;0;0;0;0;0;0;0;0;19.5769230769231;0;303.442307692308;29.3653846153846;0;29.3653846153846;0;0;0;0;0;0;0;0;0;0;0;0;0;0;0;0;0;0;0;0;0;0;0;0;0;29.3653846153846;0;0;0;0;0;0;0;0;0;0;0;0;0;0;0;0;0;0;0;0;0;0;0;0;0;0;0;0;0;0;0;0;0;0;0;0;0;0;0;29.3653846153846;0;0;0;97.8846153846154;0;0;0;0;0;0;0;0;78.3076923076923;0;0;0;0;0;0;0;19.5769230769231;0;0;0;0;0;0;0;0;0;0;0;0;0;0;0;0;0;0;0;9.78846153846154;185.980769230769;0;0;0;0;0;0;0;0;9.78846153846154;0;0;9.78846153846154;0;9.78846153846154;0;0;0;117.461538461538;0;0;0;0;0;0;9.78846153846154;0;0;0;0;0;0;0;0;0;9.78846153846154;0;0;0;0;0;0;9.78846153846154;0;9.78846153846154;0;0;0;0;0;0;0;0;0;0;0;0;0
"132";0;0;0;0;0;0;0;0;0;0;0;0;0;0;0;0;0;0;0;0;0;0;0;8;0;144;0;0;0;40;0;0;0;0;0;0;0;0;0;0;0;0;0;0;0;64;0;0;0;0;0;0;144;0;0;0;0;0;0;0;0;0;0;0;0;0;0;0;0;0;0;0;0;8;0;0;0;0;0;0;0;0;0;0;0;0;0;0;0;0;0;0;0;0;32;0;0;0;16;0;0;0;0;0;0;0;0;0;8;0;0;0;0;0;0;0;8;0;0;0;0;0;0;0;32;8;0;0;0;0;0;0;0;0;0;0;8;16;0;0;0;0;0;0;0;8;0;0;0;0;0;0;0;0;0;0;0;0;0;0;16;8;0;0;0;56;0;24;8;0;0;0;0;0;0;0;0;0;8;0;0;0;40;0;0;0;0;0;0;0;0;0;0;0
"133";0;0;0;21.9333333333333;0;0;0;0;0;0;0;0;0;0;0;0;0;0;0;0;0;0;0;0;0;43.8666666666667;21.9333333333333;0;0;43.8666666666667;0;0;0;21.9333333333333;0;0;0;0;0;0;0;0;0;0;0;0;0;0;0;0;0;0;0;0;21.9333333333333;0;0;0;0;0;0;0;0;0;0;0;0;0;350.933333333333;0;0;21.9333333333333;0;0;0;0;0;0;0;21.9333333333333;0;21.9333333333333;0;0;0;0;0;0;0;0;0;0;43.8666666666667;0;87.7333333333333;0;0;0;87.7333333333333;0;0;0;0;0;0;0;0;1030.86666666667;21.9333333333333;0;0;0;0;0;0;0;0;0;0;0;0;0;0;0;0;0;0;0;0;0;0;0;0;0;0;0;0;0;0;0;0;0;0;0;0;0;0;0;0;0;0;0;0;0;350.933333333333;0;0;0;0;0;0;0;0;0;0;0;0;0;0;0;0;0;0;0;0;0;0;0;0;0;0;0;87.7333333333333;0;0;0;0;0;0;0;0;0;0;0
"134";0;0;0;0;0;0;0;0;0;0;0;0;0;0;0;0;16.2156862745098;0;0;0;0;0;0;0;0;129.725490196078;8.1078431372549;0;0;0;0;64.8627450980392;0;8.1078431372549;0;0;0;0;0;0;0;0;0;0;0;0;0;0;0;0;0;0;324.313725490196;0;0;0;0;0;0;0;0;0;0;0;0;0;0;0;32.4313725490196;0;0;16.2156862745098;0;0;0;0;0;0;0;0;24.3235294117647;0;0;0;0;0;0;0;0;0;0;0;0;0;16.2156862745098;0;0;0;32.4313725490196;0;0;0;0;8.1078431372549;0;0;0;0;0;0;0;0;0;0;0;0;0;0;0;0;0;0;0;32.4313725490196;8.1078431372549;0;0;0;0;0;0;0;0;0;0;0;0;0;0;0;0;0;0;0;0;8.1078431372549;0;0;8.1078431372549;0;0;0;0;0;0;0;0;0;0;0;0;0;0;0;0;16.2156862745098;0;32.4313725490196;16.2156862745098;0;0;0;0;0;0;8.1078431372549;0;0;0;0;0;0;16.2156862745098;0;0;0;0;0;0;0;0;0;0;0
"135";0;0;0;3.80582524271845;0;0;0;0;0;0;0;0;0;0;0;0;7.61165048543689;0;0;0;0;0;0;3.80582524271845;0;11.4174757281553;0;0;15.2233009708738;3.80582524271845;0;7.61165048543689;0;0;0;0;0;0;0;0;0;0;0;0;0;3.80582524271845;0;0;0;0;0;0;76.1165048543689;0;3.80582524271845;0;0;0;0;0;3.80582524271845;0;0;0;0;0;0;0;0;0;0;3.80582524271845;0;19.0291262135922;0;0;0;0;0;3.80582524271845;0;0;0;0;0;0;0;0;0;0;0;0;0;0;19.0291262135922;0;0;0;0;0;0;0;15.2233009708738;0;0;0;0;7.61165048543689;3.80582524271845;0;0;0;0;0;0;0;0;3.80582524271845;0;0;0;0;0;11.4174757281553;3.80582524271845;0;0;0;0;0;0;0;0;0;0;0;0;0;0;0;0;0;0;0;0;0;0;0;0;0;0;0;0;3.80582524271845;0;0;0;0;0;3.80582524271845;26.6407766990291;0;0;0;0;45.6699029126214;0;0;11.4174757281553;0;0;0;0;0;0;3.80582524271845;0;0;64.6990291262136;0;0;0;0;0;0;0;0;0;0;0;0;0;0;0
"136";0;0;0;26.018691588785;0;0;0;0;0;0;0;0;0;0;0;0;0;0;0;0;0;0;0;13.0093457943925;0;39.0280373831776;0;0;0;0;0;0;0;0;0;0;26.018691588785;0;0;0;0;0;0;0;0;0;0;13.0093457943925;0;0;0;0;65.0467289719626;0;26.018691588785;0;0;0;0;0;0;13.0093457943925;0;0;0;0;0;0;0;0;0;0;0;65.0467289719626;0;0;0;0;0;13.0093457943925;0;0;13.0093457943925;0;0;0;0;0;0;0;0;0;0;0;26.018691588785;0;0;0;26.018691588785;0;0;0;0;0;0;0;0;0;26.018691588785;0;0;0;0;0;0;0;0;0;0;0;0;0;0;0;78.0560747663551;0;0;0;0;0;0;0;0;0;0;0;13.0093457943925;0;0;0;0;13.0093457943925;0;0;0;78.0560747663551;0;0;39.0280373831776;13.0093457943925;0;0;0;13.0093457943925;13.0093457943925;13.0093457943925;0;13.0093457943925;0;0;52.0373831775701;0;0;0;0;299.214953271028;0;52.0373831775701;91.0654205607477;0;0;0;0;0;0;0;0;0;65.0467289719626;0;0;0;0;0;0;52.0373831775701;0;0;91.0654205607477;13.0093457943925;0;0;0;0
"137";0;0;0;0;118.641509433962;0;0;0;0;0;0;0;0;0;0;0;0;0;0;0;0;0;0;163.132075471698;0;0;0;0;14.8301886792453;0;0;0;0;0;0;0;14.8301886792453;0;0;0;0;0;0;0;0;0;0;0;0;0;0;0;14.8301886792453;0;0;0;0;0;0;0;0;0;0;0;0;0;0;0;0;0;14.8301886792453;0;0;0;0;0;0;0;0;0;0;0;29.6603773584906;0;0;0;0;0;0;0;0;0;29.6603773584906;0;0;0;0;0;0;0;0;0;0;0;0;0;0;0;29.6603773584906;0;0;0;0;0;0;0;0;0;0;0;0;0;0;0;14.8301886792453;0;0;0;0;0;0;0;0;0;0;0;266.943396226415;0;0;0;59.3207547169811;0;0;0;0;59.3207547169811;0;0;0;0;0;0;14.8301886792453;0;0;0;0;0;0;133.471698113208;14.8301886792453;0;0;0;0;207.622641509434;0;44.4905660377358;296.603773584906;0;0;0;0;0;0;0;0;0;0;0;0;0;0;0;0;0;0;0;29.6603773584906;0;0;0;0;0
"138";0;0;0;0;111.961165048544;0;0;0;0;0;0;0;0;0;0;0;0;0;0;0;0;0;0;167.941747572816;0;0;0;0;27.9902912621359;0;0;167.941747572816;0;0;0;0;0;0;0;0;0;0;0;0;0;0;0;27.9902912621359;0;0;0;0;0;0;0;0;0;0;0;0;0;0;0;0;0;0;0;0;0;0;55.9805825242718;0;0;0;0;0;0;0;0;0;0;0;83.9708737864078;0;0;0;0;0;0;0;0;0;55.9805825242718;0;0;0;0;0;0;0;0;0;0;0;0;0;0;0;223.922330097087;0;0;0;0;0;0;0;0;0;0;0;0;0;0;27.9902912621359;0;0;0;0;0;0;0;0;0;0;0;279.902912621359;0;0;0;0;0;0;0;0;0;27.9902912621359;0;0;0;0;0;0;0;0;0;0;0;0;0;307.893203883495;0;0;0;0;0;139.95145631068;0;27.9902912621359;979.660194174757;0;0;0;0;0;0;0;0;0;27.9902912621359;0;0;0;27.9902912621359;0;0;0;0;0;111.961165048544;0;0;0;0;0
"139";0;0;0;0;0;0;0;0;0;0;0;0;0;0;0;0;0;0;0;0;0;0;0;187.102803738318;0;0;0;0;37.4205607476636;0;0;0;0;0;0;0;0;0;0;0;0;0;0;0;0;0;0;0;0;0;0;0;0;0;0;0;0;0;0;0;0;0;0;0;0;0;0;0;0;0;0;0;0;37.4205607476636;0;0;0;0;0;0;0;0;37.4205607476636;0;0;0;0;0;0;0;0;0;56.1308411214953;0;0;0;0;0;0;0;0;0;0;0;0;0;0;93.5514018691589;74.8411214953271;0;0;0;0;0;0;0;0;0;0;0;0;0;0;0;18.7102803738318;0;0;0;0;0;0;0;0;0;0;187.102803738318;0;0;0;0;37.4205607476636;0;0;0;0;18.7102803738318;0;0;0;0;0;0;0;0;0;37.4205607476636;0;0;0;261.943925233645;0;0;0;0;0;168.392523364486;0;74.8411214953271;617.439252336449;0;0;0;0;0;0;0;0;0;0;0;0;0;0;0;0;0;0;0;56.1308411214953;0;0;0;0;0
"140";0;0;0;0;37.1037735849057;0;0;0;0;0;0;0;0;0;0;0;0;0;0;0;0;0;0;136.047169811321;0;0;0;0;12.3679245283019;12.3679245283019;0;0;0;0;0;0;0;0;0;0;0;0;0;0;0;0;0;0;0;0;0;0;12.3679245283019;0;0;0;0;0;0;0;0;0;0;0;0;0;0;0;0;0;0;0;0;0;0;0;0;0;0;24.7358490566038;0;0;12.3679245283019;0;0;0;0;0;0;0;0;0;49.4716981132075;0;0;0;0;0;12.3679245283019;0;0;0;0;0;0;0;0;74.2075471698113;136.047169811321;0;0;0;0;0;0;0;0;0;0;0;0;0;0;0;24.7358490566038;0;0;0;0;0;0;0;0;0;0;74.2075471698113;0;0;0;0;24.7358490566038;0;12.3679245283019;12.3679245283019;0;0;0;0;0;0;0;0;0;0;0;0;0;0;0;74.2075471698113;0;0;0;0;0;61.8396226415094;0;49.4716981132075;296.830188679245;12.3679245283019;0;0;0;0;0;0;0;0;24.7358490566038;0;0;0;49.4716981132075;0;0;0;0;0;74.2075471698113;0;0;0;0;0
"141";0;0;0;0;438.252336448598;0;0;0;0;0;0;0;0;0;0;0;0;0;0;0;0;0;0;83.4766355140187;0;0;0;0;20.8691588785047;20.8691588785047;0;20.8691588785047;0;0;0;0;0;0;0;0;0;0;0;0;0;0;0;0;0;0;0;0;0;0;0;0;0;0;0;0;0;20.8691588785047;0;0;0;0;0;0;0;0;20.8691588785047;0;0;0;0;0;0;0;0;0;0;0;62.607476635514;0;0;0;0;0;0;0;0;0;0;0;0;0;0;0;20.8691588785047;0;0;0;0;0;0;0;0;0;62.607476635514;0;0;0;0;0;0;0;0;0;0;0;0;0;0;0;0;0;0;0;0;0;0;0;0;0;0;125.214953271028;0;0;0;0;20.8691588785047;0;0;0;0;41.7383177570093;0;0;0;20.8691588785047;0;0;0;0;0;0;0;0;20.8691588785047;208.691588785047;0;0;0;0;0;313.03738317757;0;104.345794392523;542.598130841121;0;0;0;0;0;0;0;0;0;0;0;0;0;0;0;0;0;0;0;62.607476635514;0;0;0;0;0
"142";0;0;0;0;91.5137614678899;0;0;0;0;0;0;0;0;0;0;0;0;0;0;0;0;0;0;26.1467889908257;0;0;0;0;13.0733944954128;26.1467889908257;13.0733944954128;13.0733944954128;0;0;0;0;0;0;0;0;0;0;0;0;0;0;0;0;13.0733944954128;0;0;0;0;0;0;0;0;0;0;0;0;0;0;0;0;0;0;0;0;0;0;0;0;26.1467889908257;0;0;0;0;0;0;0;0;26.1467889908257;0;13.0733944954128;0;0;0;0;0;0;0;26.1467889908257;0;0;0;0;0;26.1467889908257;0;0;0;0;0;0;0;0;104.587155963303;39.2201834862385;0;0;0;13.0733944954128;0;0;0;0;0;0;0;0;13.0733944954128;0;0;0;0;0;0;0;0;0;0;0;0;0;117.660550458716;0;0;0;26.1467889908257;39.2201834862385;0;0;26.1467889908257;0;13.0733944954128;0;0;0;0;13.0733944954128;0;0;0;0;0;0;0;0;117.660550458716;0;0;0;0;0;52.2935779816514;300.688073394495;52.2935779816514;130.733944954128;0;0;0;0;0;0;0;0;0;0;0;0;0;0;0;13.0733944954128;0;0;0;26.1467889908257;0;0;13.0733944954128;0;0
"143";0;0;0;0;140;0;0;0;0;0;0;0;0;0;0;0;0;0;0;0;0;0;0;392;0;0;0;0;56;0;0;0;0;0;0;0;0;0;0;0;0;0;0;0;0;0;0;0;28;0;0;0;0;0;0;0;0;0;0;0;0;0;0;0;0;0;0;0;0;0;28;0;0;0;0;0;0;0;0;0;0;0;0;0;0;0;0;0;0;0;0;0;448;0;0;0;0;0;0;0;0;0;0;0;0;0;0;168;224;0;0;0;0;0;0;0;0;0;0;0;0;0;0;0;0;0;0;0;0;0;0;0;0;0;0;224;0;0;0;84;140;0;0;0;0;28;0;0;0;0;0;0;28;0;0;0;0;0;0;336;0;0;0;0;0;112;0;56;336;0;0;0;0;0;0;0;0;0;0;0;0;0;28;0;0;0;0;0;28;0;0;0;0;0
"144";0;0;0;0;60.3962264150943;0;0;0;0;0;0;0;0;0;0;0;0;0;0;0;0;0;0;80.5283018867924;0;20.1320754716981;0;0;0;0;0;0;0;0;0;0;0;0;0;0;0;0;0;0;0;0;0;0;0;0;0;0;0;0;20.1320754716981;0;0;0;0;0;0;0;0;0;0;0;0;0;0;0;0;0;0;20.1320754716981;0;0;0;0;0;0;0;0;0;0;0;0;0;0;0;0;0;0;161.056603773585;0;0;0;0;0;0;0;0;0;0;0;0;0;0;80.5283018867924;40.2641509433962;0;0;0;20.1320754716981;0;0;0;0;0;0;0;0;0;0;0;0;0;0;0;0;0;0;0;0;0;0;120.792452830189;0;0;0;60.3962264150943;60.3962264150943;0;40.2641509433962;0;0;0;0;0;0;0;0;0;40.2641509433962;0;0;0;0;0;0;543.566037735849;0;0;0;0;0;221.452830188679;0;40.2641509433962;442.905660377359;0;0;0;0;0;0;0;0;0;40.2641509433962;0;0;0;0;0;0;0;0;0;20.1320754716981;0;0;0;0;0
"146";0;0;0;0;134.285714285714;0;0;0;0;0;0;0;0;0;0;0;0;0;0;0;0;0;0;134.285714285714;0;26.8571428571429;0;0;80.5714285714286;0;26.8571428571429;0;0;0;0;0;0;0;0;0;0;26.8571428571429;0;0;0;0;0;26.8571428571429;26.8571428571429;0;0;0;0;0;0;0;0;0;0;0;0;0;0;0;26.8571428571429;0;0;0;0;0;26.8571428571429;0;0;0;26.8571428571429;0;0;0;0;0;0;0;0;0;0;0;0;0;0;0;0;0;376;0;26.8571428571429;0;0;0;0;0;0;0;0;0;0;0;0;0;80.5714285714286;0;0;0;53.7142857142857;0;0;0;0;0;0;0;0;0;0;0;0;0;0;0;0;0;0;0;0;0;0;80.5714285714286;0;0;0;0;0;26.8571428571429;0;26.8571428571429;0;26.8571428571429;0;0;0;0;0;0;26.8571428571429;0;0;26.8571428571429;0;0;0;376;0;0;0;0;0;53.7142857142857;0;53.7142857142857;966.857142857143;0;0;0;0;0;0;0;0;0;0;0;0;0;53.7142857142857;0;0;0;0;0;0;0;0;0;0;0
"147";0;0;0;32.4056603773585;324.056603773585;0;0;0;0;0;0;0;0;0;0;0;0;0;0;0;0;0;0;64.811320754717;0;0;0;0;64.811320754717;0;0;0;0;32.4056603773585;0;0;0;0;0;0;0;0;0;0;0;0;0;0;0;0;0;0;0;0;32.4056603773585;0;0;0;0;0;0;32.4056603773585;0;0;0;0;0;0;0;0;64.811320754717;0;0;0;0;0;0;0;0;0;0;0;64.811320754717;0;0;0;0;0;0;0;0;0;486.084905660377;0;0;0;0;0;0;0;0;0;0;0;0;0;0;0;356.462264150943;0;0;0;0;0;0;0;0;0;0;0;0;0;0;0;0;0;0;0;0;0;0;0;0;0;0;291.650943396226;0;0;0;32.4056603773585;0;0;0;0;0;0;0;0;0;0;0;0;64.811320754717;0;0;0;0;0;0;518.490566037736;0;0;0;0;0;0;0;64.811320754717;712.924528301887;0;0;0;0;0;0;0;0;0;0;0;0;0;97.2169811320755;0;0;0;0;0;64.811320754717;32.4056603773585;0;0;0;0
"148";0;0;0;0;98.8235294117647;0;0;0;0;0;0;0;0;0;0;0;0;0;0;0;0;0;0;59.2941176470588;0;0;0;0;29.6470588235294;0;19.7647058823529;0;0;0;0;0;0;9.88235294117647;0;0;0;0;0;0;0;0;0;0;9.88235294117647;0;0;0;0;0;19.7647058823529;0;0;0;0;0;0;19.7647058823529;0;0;0;0;0;0;0;0;0;0;0;59.2941176470588;0;0;9.88235294117647;0;0;0;0;0;0;0;0;0;0;0;0;0;0;0;98.8235294117647;0;0;0;0;0;0;0;0;0;0;0;0;0;0;29.6470588235294;59.2941176470588;0;9.88235294117647;19.7647058823529;19.7647058823529;0;0;0;0;0;0;0;0;0;0;0;0;0;0;0;0;0;0;0;0;0;0;79.0588235294118;0;0;0;0;0;0;0;0;0;9.88235294117647;0;0;19.7647058823529;9.88235294117647;0;0;0;0;0;9.88235294117647;0;9.88235294117647;0;9.88235294117647;29.6470588235294;0;0;0;0;29.6470588235294;0;0;138.352941176471;0;0;0;0;0;0;0;0;0;9.88235294117647;0;0;0;39.5294117647059;0;0;0;0;0;39.5294117647059;0;0;0;0;0
